"","Package","LibPath","Version","Priority","Depends","Imports","LinkingTo","Suggests","Enhances","License","License_is_FOSS","License_restricts_use","OS_type","MD5sum","NeedsCompilation","Built"
"abind","abind","/home/dalwsing/anaconda3/envs/renv/lib/R/library","1.4-5",NA,"R (>= 1.5.0)","methods, utils",NA,NA,NA,"LGPL (>= 2)",NA,NA,NA,NA,"no","4.3.0"
"ALDEx2","ALDEx2","/home/dalwsing/anaconda3/envs/renv/lib/R/library","1.32.0",NA,"methods, stats, zCompositions,","Rfast, BiocParallel, GenomicRanges, IRanges, S4Vectors,
SummarizedExperiment, multtest",NA,"testthat, BiocStyle, knitr, rmarkdown",NA,"GPL (>= 3)",NA,NA,NA,NA,"no","4.3.0"
"amap","amap","/home/dalwsing/anaconda3/envs/renv/lib/R/library","0.8-19",NA,"R (>= 3.6.0)",NA,NA,"Biobase",NA,"GPL",NA,NA,NA,NA,"yes","4.3.0"
"AnnotationDbi","AnnotationDbi","/home/dalwsing/anaconda3/envs/renv/lib/R/library","1.62.2",NA,"R (>= 2.7.0), methods, stats4, BiocGenerics (>= 0.29.2),
Biobase (>= 1.17.0), IRanges","DBI, RSQLite, S4Vectors (>= 0.9.25), stats, KEGGREST",NA,"utils, hgu95av2.db, GO.db, org.Sc.sgd.db, org.At.tair.db,
RUnit, TxDb.Hsapiens.UCSC.hg19.knownGene, org.Hs.eg.db,
reactome.db, AnnotationForge, graph, EnsDb.Hsapiens.v75,
BiocStyle, knitr",NA,"Artistic-2.0",NA,NA,NA,NA,"no","4.3.0"
"AnnotationFilter","AnnotationFilter","/home/dalwsing/anaconda3/envs/renv/lib/R/library","1.24.0",NA,"R (>= 3.4.0)","utils, methods, GenomicRanges, lazyeval",NA,"BiocStyle, knitr, testthat, RSQLite, org.Hs.eg.db, rmarkdown",NA,"Artistic-2.0",NA,NA,NA,NA,"no","4.3.0"
"apeglm","apeglm","/home/dalwsing/anaconda3/envs/renv/lib/R/library","1.22.1",NA,NA,"emdbook, SummarizedExperiment, GenomicRanges, methods, stats,
utils, Rcpp","Rcpp, RcppEigen, RcppNumerical","DESeq2, airway, knitr, rmarkdown, testthat",NA,"GPL-2",NA,NA,NA,NA,"yes","4.3.0"
"ashr","ashr","/home/dalwsing/anaconda3/envs/renv/lib/R/library","2.2-54",NA,"R (>= 3.1.0)","Matrix, stats, graphics, Rcpp (>= 0.10.5), truncnorm, mixsqp,
SQUAREM, etrunct, invgamma","Rcpp","testthat, knitr, rmarkdown, ggplot2, REBayes",NA,"GPL (>= 3)",NA,NA,NA,NA,"yes","4.3.0"
"askpass","askpass","/home/dalwsing/anaconda3/envs/renv/lib/R/library","1.1",NA,NA,"sys (>= 2.1)",NA,"testthat",NA,"MIT + file LICENSE",NA,NA,NA,NA,"yes","4.3.0"
"backports","backports","/home/dalwsing/anaconda3/envs/renv/lib/R/library","1.4.1",NA,"R (>= 3.0.0)",NA,NA,NA,NA,"GPL-2 | GPL-3",NA,NA,NA,NA,"yes","4.3.0"
"base","base","/home/dalwsing/anaconda3/envs/renv/lib/R/library","4.3.0","base",NA,NA,NA,"methods",NA,"Part of R 4.3.0",NA,NA,NA,NA,NA,"4.3.0"
"base64enc","base64enc","/home/dalwsing/anaconda3/envs/renv/lib/R/library","0.1-3",NA,"R (>= 2.9.0)",NA,NA,NA,"png","GPL-2 | GPL-3",NA,NA,NA,NA,"yes","4.3.0"
"bayesm","bayesm","/home/dalwsing/anaconda3/envs/renv/lib/R/library","3.1-5",NA,"R (>= 3.2.0)","Rcpp (>= 0.12.0), utils, stats, graphics, grDevices","Rcpp, RcppArmadillo","knitr, rmarkdown",NA,"GPL (>= 2)",NA,NA,NA,NA,"yes","4.3.0"
"bbmle","bbmle","/home/dalwsing/anaconda3/envs/renv/lib/R/library","1.0.25",NA,"R (>= 3.0.0), stats4","stats, numDeriv, lattice, MASS, methods, bdsmatrix, Matrix,
mvtnorm",NA,"emdbook, rms, ggplot2, RUnit, MuMIn, AICcmodavg, Hmisc,
optimx (>= 2013.8.6), knitr, testthat",NA,"GPL",NA,NA,NA,NA,"no","4.3.0"
"bdsmatrix","bdsmatrix","/home/dalwsing/anaconda3/envs/renv/lib/R/library","1.3-6",NA,"methods, R (>= 2.0.0)",NA,NA,NA,NA,"LGPL-2",NA,NA,NA,NA,"yes","4.3.0"
"BH","BH","/home/dalwsing/anaconda3/envs/renv/lib/R/library","1.81.0-1",NA,NA,NA,NA,NA,NA,"BSL-1.0",NA,NA,NA,NA,"no","4.3.0"
"Biobase","Biobase","/home/dalwsing/anaconda3/envs/renv/lib/R/library","2.60.0",NA,"R (>= 2.10), BiocGenerics (>= 0.27.1), utils","methods",NA,"tools, tkWidgets, ALL, RUnit, golubEsets, BiocStyle, knitr",NA,"Artistic-2.0",NA,NA,NA,NA,"yes","4.3.0"
"BiocFileCache","BiocFileCache","/home/dalwsing/anaconda3/envs/renv/lib/R/library","2.8.0",NA,"R (>= 3.4.0), dbplyr (>= 1.0.0)","methods, stats, utils, dplyr, RSQLite, DBI, filelock, curl,
httr",NA,"testthat, knitr, BiocStyle, rmarkdown, rtracklayer",NA,"Artistic-2.0",NA,NA,NA,NA,"no","4.3.0"
"BiocGenerics","BiocGenerics","/home/dalwsing/anaconda3/envs/renv/lib/R/library","0.46.0",NA,"R (>= 4.0.0), methods, utils, graphics, stats","methods, utils, graphics, stats",NA,"Biobase, S4Vectors, IRanges, GenomicRanges, DelayedArray,
Biostrings, Rsamtools, AnnotationDbi, affy, affyPLM, DESeq2,
flowClust, MSnbase, annotate, RUnit",NA,"Artistic-2.0",NA,NA,NA,NA,"no","4.3.0"
"BiocIO","BiocIO","/home/dalwsing/anaconda3/envs/renv/lib/R/library","1.10.0",NA,"R (>= 4.3.0)","BiocGenerics, S4Vectors, methods, tools",NA,"testthat, knitr, rmarkdown, BiocStyle",NA,"Artistic-2.0",NA,NA,NA,NA,"no","4.3.0"
"BiocManager","BiocManager","/home/dalwsing/anaconda3/envs/renv/lib/R/library","1.30.21",NA,NA,"utils",NA,"BiocVersion, remotes, rmarkdown, testthat, withr, curl, knitr",NA,"Artistic-2.0",NA,NA,NA,NA,"no","4.3.0"
"BiocParallel","BiocParallel","/home/dalwsing/anaconda3/envs/renv/lib/R/library","1.34.2",NA,"methods, R (>= 3.5.0)","stats, utils, futile.logger, parallel, snow, codetools","BH, cpp11","BiocGenerics, tools, foreach, BBmisc, doParallel,
GenomicRanges, RNAseqData.HNRNPC.bam.chr14,
TxDb.Hsapiens.UCSC.hg19.knownGene, VariantAnnotation,
Rsamtools, GenomicAlignments, ShortRead, RUnit, BiocStyle,
knitr, batchtools, data.table","Rmpi","GPL-2 | GPL-3",NA,NA,NA,NA,"yes","4.3.0"
"BiocVersion","BiocVersion","/home/dalwsing/anaconda3/envs/renv/lib/R/library","3.17.1",NA,"R (>= 4.3.0)",NA,NA,NA,NA,"Artistic-2.0",NA,NA,NA,NA,"no","4.3.0"
"biomaRt","biomaRt","/home/dalwsing/anaconda3/envs/renv/lib/R/library","2.56.1",NA,"methods","utils, XML (>= 3.99-0.7), AnnotationDbi, progress, stringr,
httr, digest, BiocFileCache, rappdirs, xml2",NA,"BiocStyle, knitr, mockery, rmarkdown, testthat, webmockr",NA,"Artistic-2.0",NA,NA,NA,NA,"no","4.3.0"
"Biostrings","Biostrings","/home/dalwsing/anaconda3/envs/renv/lib/R/library","2.68.1",NA,"R (>= 4.0.0), methods, BiocGenerics (>= 0.37.0), S4Vectors (>=
0.27.12), IRanges (>= 2.31.2), XVector (>= 0.37.1),
GenomeInfoDb","methods, utils, grDevices, graphics, stats, crayon","S4Vectors, IRanges, XVector","BSgenome (>= 1.13.14), BSgenome.Celegans.UCSC.ce2 (>=
1.3.11), BSgenome.Dmelanogaster.UCSC.dm3 (>= 1.3.11),
BSgenome.Hsapiens.UCSC.hg18, drosophila2probe, hgu95av2probe,
hgu133aprobe, GenomicFeatures (>= 1.3.14), hgu95av2cdf, affy
(>= 1.41.3), affydata (>= 1.11.5), RUnit","Rmpi","Artistic-2.0",NA,NA,NA,NA,"yes","4.3.0"
"bit","bit","/home/dalwsing/anaconda3/envs/renv/lib/R/library","4.0.5",NA,"R (>= 2.9.2)",NA,NA,"testthat (>= 0.11.0), roxygen2, knitr, rmarkdown,
microbenchmark, bit64 (>= 4.0.0), ff (>= 4.0.0)",NA,"GPL-2 | GPL-3",NA,NA,NA,NA,"yes","4.3.0"
"bit64","bit64","/home/dalwsing/anaconda3/envs/renv/lib/R/library","4.0.5",NA,"R (>= 3.0.1), bit (>= 4.0.0), utils, methods, stats",NA,NA,NA,NA,"GPL-2 | GPL-3",NA,NA,NA,NA,"yes","4.3.0"
"bitops","bitops","/home/dalwsing/anaconda3/envs/renv/lib/R/library","1.0-7",NA,NA,NA,NA,NA,NA,"GPL (>= 2)",NA,NA,NA,NA,"yes","4.3.0"
"blob","blob","/home/dalwsing/anaconda3/envs/renv/lib/R/library","1.2.4",NA,NA,"methods, rlang, vctrs (>= 0.2.1)",NA,"covr, crayon, pillar (>= 1.2.1), testthat",NA,"MIT + file LICENSE",NA,NA,NA,NA,"no","4.3.0"
"boot","boot","/home/dalwsing/anaconda3/envs/renv/lib/R/library","1.3-28.1","recommended","R (>= 3.0.0), graphics, stats",NA,NA,"MASS, survival",NA,"Unlimited",NA,NA,NA,NA,"no","4.3.0"
"brio","brio","/home/dalwsing/anaconda3/envs/renv/lib/R/library","1.1.3",NA,NA,NA,NA,"covr, testthat (>= 2.1.0)",NA,"MIT + file LICENSE",NA,NA,NA,NA,"yes","4.3.0"
"broom","broom","/home/dalwsing/anaconda3/envs/renv/lib/R/library","1.0.5",NA,"R (>= 3.5)","backports, dplyr (>= 1.0.0), ellipsis, generics (>= 0.0.2),
glue, lifecycle, purrr, rlang, stringr, tibble (>= 3.0.0),
tidyr (>= 1.0.0)",NA,"AER, AUC, bbmle, betareg, biglm, binGroup, boot, btergm (>=
1.10.6), car, carData, caret, cluster, cmprsk, coda, covr, drc,
e1071, emmeans, epiR, ergm (>= 3.10.4), fixest (>= 0.9.0), gam
(>= 1.15), gee, geepack, ggplot2, glmnet, glmnetUtils, gmm,
Hmisc, irlba, interp, joineRML, Kendall, knitr, ks, Lahman,
lavaan, leaps, lfe, lm.beta, lme4, lmodel2, lmtest (>= 0.9.38),
lsmeans, maps, margins, MASS, mclust, mediation, metafor, mfx,
mgcv, mlogit, modeldata, modeltests, muhaz, multcomp, network,
nnet, orcutt (>= 2.2), ordinal, plm, poLCA, psych, quantreg,
rmarkdown, robust, robustbase, rsample, sandwich, sp, spdep (>=
1.1), spatialreg, speedglm, spelling, survey, survival,
systemfit, testthat (>= 2.1.0), tseries, vars, zoo",NA,"MIT + file LICENSE",NA,NA,NA,NA,"no","4.3.0"
"BSgenome","BSgenome","/home/dalwsing/anaconda3/envs/renv/lib/R/library","1.68.0",NA,"R (>= 2.8.0), methods, BiocGenerics (>= 0.13.8), S4Vectors (>=
0.17.28), IRanges (>= 2.13.16), GenomeInfoDb (>= 1.25.6),
GenomicRanges (>= 1.31.10), Biostrings (>= 2.47.6), rtracklayer
(>= 1.39.7)","methods, utils, stats, matrixStats, BiocGenerics, S4Vectors,
IRanges, XVector (>= 0.29.3), GenomeInfoDb, GenomicRanges,
Biostrings, Rsamtools, rtracklayer",NA,"BiocManager, Biobase, BSgenome.Celegans.UCSC.ce2,
BSgenome.Hsapiens.UCSC.hg38,
BSgenome.Hsapiens.UCSC.hg38.masked,
BSgenome.Mmusculus.UCSC.mm10, BSgenome.Rnorvegicus.UCSC.rn5,
BSgenome.Scerevisiae.UCSC.sacCer1,
BSgenome.Hsapiens.NCBI.GRCh38,
TxDb.Hsapiens.UCSC.hg38.knownGene,
TxDb.Mmusculus.UCSC.mm10.knownGene,
SNPlocs.Hsapiens.dbSNP144.GRCh38,
XtraSNPlocs.Hsapiens.dbSNP144.GRCh38, hgu95av2probe, RUnit",NA,"Artistic-2.0",NA,NA,NA,NA,"no","4.3.0"
"bslib","bslib","/home/dalwsing/anaconda3/envs/renv/lib/R/library","0.5.1",NA,"R (>= 2.10)","base64enc, cachem, grDevices, htmltools (>= 0.5.4), jquerylib
(>= 0.1.3), jsonlite, memoise (>= 2.0.1), mime, rlang, sass (>=
0.4.0)",NA,"bsicons, curl, fontawesome, ggplot2, knitr, magrittr,
rappdirs, rmarkdown (>= 2.7), shiny (>= 1.6.0), testthat,
thematic, withr",NA,"MIT + file LICENSE",NA,NA,NA,NA,"no","4.3.0"
"cachem","cachem","/home/dalwsing/anaconda3/envs/renv/lib/R/library","1.0.8",NA,NA,"rlang, fastmap (>= 1.1.1)",NA,"testthat",NA,"MIT + file LICENSE",NA,NA,NA,NA,"yes","4.3.0"
"callr","callr","/home/dalwsing/anaconda3/envs/renv/lib/R/library","3.7.3",NA,"R (>= 3.4)","processx (>= 3.6.1), R6, utils",NA,"asciicast, cli (>= 1.1.0), covr, mockery, ps, rprojroot,
spelling, testthat (>= 3.0.0), withr (>= 2.3.0)",NA,"MIT + file LICENSE",NA,NA,NA,NA,"no","4.3.0"
"car","car","/home/dalwsing/anaconda3/envs/renv/lib/R/library","3.1-2",NA,"R (>= 3.5.0), carData (>= 3.0-0)","abind, MASS, mgcv, nnet, pbkrtest (>= 0.4-4), quantreg,
grDevices, utils, stats, graphics, lme4 (>= 1.1-27.1), nlme,
scales",NA,"alr4, boot, coxme, effects, knitr, leaps, lmtest, Matrix,
MatrixModels, mvtnorm, rgl (>= 0.111.3), rio, sandwich,
SparseM, survival, survey",NA,"GPL (>= 2)",NA,NA,NA,NA,"no","4.3.0"
"carData","carData","/home/dalwsing/anaconda3/envs/renv/lib/R/library","3.0-5",NA,"R (>= 3.5.0)",NA,NA,"car (>= 3.0-0)",NA,"GPL (>= 2)",NA,NA,NA,NA,"no","4.3.0"
"caTools","caTools","/home/dalwsing/anaconda3/envs/renv/lib/R/library","1.18.2",NA,"R (>= 3.6.0)","bitops",NA,"MASS, rpart",NA,"GPL-3",NA,NA,NA,NA,"yes","4.3.0"
"cellranger","cellranger","/home/dalwsing/anaconda3/envs/renv/lib/R/library","1.1.0",NA,"R (>= 3.0.0)","rematch, tibble",NA,"covr, testthat (>= 1.0.0), knitr, rmarkdown",NA,"MIT + file LICENSE",NA,NA,NA,NA,"no","4.3.0"
"ChIPpeakAnno","ChIPpeakAnno","/home/dalwsing/anaconda3/envs/renv/lib/R/library","3.34.1",NA,"R (>= 3.5), methods, IRanges (>= 2.13.12), GenomicRanges (>=
1.31.8), S4Vectors (>= 0.17.25)","AnnotationDbi, BiocGenerics (>= 0.1.0), Biostrings (>=
2.47.6), DBI, dplyr, ensembldb, GenomeInfoDb,
GenomicAlignments, GenomicFeatures, RBGL, Rsamtools,
SummarizedExperiment, VennDiagram, biomaRt, ggplot2, grDevices,
graph, graphics, grid, InteractionSet, KEGGREST, matrixStats,
multtest, regioneR, rtracklayer, stats, utils",NA,"AnnotationHub, BSgenome, limma, reactome.db, BiocManager,
BiocStyle, BSgenome.Ecoli.NCBI.20080805,
BSgenome.Hsapiens.UCSC.hg19, org.Ce.eg.db, org.Hs.eg.db,
BSgenome.Celegans.UCSC.ce10, BSgenome.Drerio.UCSC.danRer7,
BSgenome.Hsapiens.UCSC.hg38, DelayedArray, idr, seqinr,
EnsDb.Hsapiens.v75, EnsDb.Hsapiens.v79,
TxDb.Hsapiens.UCSC.hg19.knownGene,
TxDb.Hsapiens.UCSC.hg38.knownGene, GO.db, gplots, UpSetR,
knitr, rmarkdown, testthat, trackViewer, motifStack,
OrganismDbi",NA,"GPL (>= 2)",NA,NA,NA,NA,"no","4.3.0"
"cli","cli","/home/dalwsing/anaconda3/envs/renv/lib/R/library","3.6.1",NA,"R (>= 3.4)","utils",NA,"callr, covr, crayon, digest, glue (>= 1.6.0), grDevices,
htmltools, htmlwidgets, knitr, methods, mockery, processx, ps
(>= 1.3.4.9000), rlang (>= 1.0.2.9003), rmarkdown, rprojroot,
rstudioapi, testthat, tibble, whoami, withr",NA,"MIT + file LICENSE",NA,NA,NA,NA,"yes","4.3.0"
"clipr","clipr","/home/dalwsing/anaconda3/envs/renv/lib/R/library","0.8.0",NA,NA,"utils",NA,"covr, knitr, rmarkdown, rstudioapi (>= 0.5), testthat (>=
2.0.0)",NA,"GPL-3",NA,NA,NA,NA,"no","4.3.0"
"cluster","cluster","/home/dalwsing/anaconda3/envs/renv/lib/R/library","2.1.4","recommended","R (>= 3.5.0)","graphics, grDevices, stats, utils",NA,"MASS, Matrix",NA,"GPL (>= 2)",NA,NA,NA,NA,"yes","4.3.0"
"cmapR","cmapR","/home/dalwsing/anaconda3/envs/renv/lib/R/library","1.12.0",NA,"R (>= 4.0)","methods, rhdf5, data.table, flowCore, SummarizedExperiment,
matrixStats",NA,"knitr, testthat, BiocStyle, rmarkdown",NA,"file LICENSE",NA,NA,NA,NA,"no","4.3.0"
"coda","coda","/home/dalwsing/anaconda3/envs/renv/lib/R/library","0.19-4",NA,"R (>= 2.14.0)","lattice",NA,NA,NA,"GPL (>= 2)",NA,NA,NA,NA,"no","4.3.0"
"codetools","codetools","/home/dalwsing/anaconda3/envs/renv/lib/R/library","0.2-19","recommended","R (>= 2.1)",NA,NA,NA,NA,"GPL",NA,NA,NA,NA,"no","4.3.0"
"colorspace","colorspace","/home/dalwsing/anaconda3/envs/renv/lib/R/library","2.1-0",NA,"R (>= 3.0.0), methods","graphics, grDevices, stats",NA,"datasets, utils, KernSmooth, MASS, kernlab, mvtnorm, vcd,
tcltk, shiny, shinyjs, ggplot2, dplyr, scales, grid, png, jpeg,
knitr, rmarkdown, RColorBrewer, rcartocolor, scico, viridis,
wesanderson",NA,"BSD_3_clause + file LICENSE",NA,NA,NA,NA,"yes","4.3.0"
"compiler","compiler","/home/dalwsing/anaconda3/envs/renv/lib/R/library","4.3.0","base",NA,NA,NA,NA,NA,"Part of R 4.3.0",NA,NA,NA,NA,NA,"4.3.0"
"compositions","compositions","/home/dalwsing/anaconda3/envs/renv/lib/R/library","2.0-6",NA,"R (>= 3.6)","methods, utils, grDevices, stats, tensorA, robustbase, bayesm,
graphics, MASS",NA,"rgl (>= 1.0.1), combinat, energy, knitr, rmarkdown",NA,"GPL (>= 2)",NA,NA,NA,NA,"yes","4.3.0"
"conflicted","conflicted","/home/dalwsing/anaconda3/envs/renv/lib/R/library","1.2.0",NA,"R (>= 3.2)","cli (>= 3.4.0), memoise, rlang (>= 1.0.0)",NA,"callr, covr, dplyr, Matrix, methods, pkgload, testthat (>=
3.0.0), withr",NA,"MIT + file LICENSE",NA,NA,NA,NA,"no","4.3.0"
"corrplot","corrplot","/home/dalwsing/anaconda3/envs/renv/lib/R/library","0.92",NA,NA,NA,NA,"seriation, knitr, RColorBrewer, rmarkdown, magrittr,
prettydoc, testthat",NA,"MIT + file LICENSE",NA,NA,NA,NA,"no","4.3.0"
"cowplot","cowplot","/home/dalwsing/anaconda3/envs/renv/lib/R/library","1.1.1",NA,"R (>= 3.5.0)","ggplot2 (> 2.2.1), grid, gtable, grDevices, methods, rlang,
scales",NA,"Cairo, covr, dplyr, forcats, gridGraphics (>= 0.4-0), knitr,
lattice, magick, maps, PASWR, patchwork, rmarkdown, ragg,
testthat (>= 1.0.0), tidyr, vdiffr (>= 0.3.0), VennDiagram",NA,"GPL-2",NA,NA,NA,NA,"no","4.3.0"
"cpp11","cpp11","/home/dalwsing/anaconda3/envs/renv/lib/R/library","0.4.4",NA,NA,NA,NA,"bench, brio, callr, cli, covr, decor, desc, ggplot2, glue,
knitr, lobstr, mockery, progress, rmarkdown, scales, Rcpp,
testthat, tibble, utils, vctrs, withr",NA,"MIT + file LICENSE",NA,NA,NA,NA,"no","4.3.0"
"crayon","crayon","/home/dalwsing/anaconda3/envs/renv/lib/R/library","1.5.2",NA,NA,"grDevices, methods, utils",NA,"mockery, rstudioapi, testthat, withr",NA,"MIT + file LICENSE",NA,NA,NA,NA,"no","4.3.0"
"crosstalk","crosstalk","/home/dalwsing/anaconda3/envs/renv/lib/R/library","1.2.1",NA,NA,"htmltools (>= 0.3.6), jsonlite, lazyeval, R6",NA,"shiny, ggplot2, testthat (>= 2.1.0), sass, bslib",NA,"MIT + file LICENSE",NA,NA,NA,NA,"no","4.3.0"
"csaw","csaw","/home/dalwsing/anaconda3/envs/renv/lib/R/library","1.34.0",NA,"R (>= 3.5.0), GenomicRanges, SummarizedExperiment","Rcpp, Matrix, BiocGenerics, Rsamtools, edgeR, limma, methods,
S4Vectors, IRanges, GenomeInfoDb, stats, BiocParallel, metapod,
utils","Rhtslib, zlibbioc, Rcpp","AnnotationDbi, org.Mm.eg.db,
TxDb.Mmusculus.UCSC.mm10.knownGene, testthat, GenomicFeatures,
GenomicAlignments, knitr, BiocStyle, rmarkdown, BiocManager",NA,"GPL-3",NA,NA,NA,NA,"yes","4.3.0"
"curl","curl","/home/dalwsing/anaconda3/envs/renv/lib/R/library","5.0.1",NA,"R (>= 3.0.0)",NA,NA,"spelling, testthat (>= 1.0.0), knitr, jsonlite, rmarkdown,
magrittr, httpuv (>= 1.4.4), webutils",NA,"MIT + file LICENSE",NA,NA,NA,NA,"yes","4.3.0"
"cytolib","cytolib","/home/dalwsing/anaconda3/envs/renv/lib/R/library","2.12.0",NA,"R (>= 3.4)","RProtoBufLib","BH(>= 1.75.0.0), RProtoBufLib(>= 2.3.5),Rhdf5lib","knitr, rmarkdown",NA,"AGPL-3.0-only",NA,"no",NA,NA,"yes","4.3.0"
"data.table","data.table","/home/dalwsing/anaconda3/envs/renv/lib/R/library","1.14.8",NA,"R (>= 3.1.0)","methods",NA,"bit64 (>= 4.0.0), bit (>= 4.0.4), curl, R.utils, xts,
nanotime, zoo (>= 1.8-1), yaml, knitr, rmarkdown",NA,"MPL-2.0 | file LICENSE",NA,NA,NA,NA,"yes","4.3.0"
"datasets","datasets","/home/dalwsing/anaconda3/envs/renv/lib/R/library","4.3.0","base",NA,NA,NA,NA,NA,"Part of R 4.3.0",NA,NA,NA,NA,NA,"4.3.0"
"DBI","DBI","/home/dalwsing/anaconda3/envs/renv/lib/R/library","1.1.3",NA,"methods, R (>= 3.0.0)",NA,NA,"blob, covr, DBItest, dbplyr, downlit, dplyr, glue, hms,
knitr, magrittr, RMariaDB, rmarkdown, rprojroot, RSQLite (>=
1.1-2), testthat, xml2",NA,"LGPL (>= 2.1)",NA,NA,NA,NA,"no","4.3.0"
"dbplyr","dbplyr","/home/dalwsing/anaconda3/envs/renv/lib/R/library","2.3.3",NA,"R (>= 3.1)","blob (>= 1.2.0), cli (>= 3.4.1), DBI (>= 1.0.0), dplyr (>=
1.1.0), glue (>= 1.2.0), lifecycle (>= 1.0.3), magrittr,
methods, pillar (>= 1.5.0), purrr (>= 1.0.1), R6 (>= 2.2.2),
rlang (>= 1.0.6), tibble (>= 1.4.2), tidyr (>= 1.3.0),
tidyselect (>= 1.2.0), utils, vctrs (>= 0.5.0), withr",NA,"bit64, covr, knitr, Lahman, nycflights13, odbc, RMariaDB (>=
1.0.2), rmarkdown, RPostgres (>= 1.1.3), RPostgreSQL, RSQLite
(>= 2.2.15), testthat (>= 3.0.2)",NA,"MIT + file LICENSE",NA,NA,NA,NA,"no","4.3.0"
"DelayedArray","DelayedArray","/home/dalwsing/anaconda3/envs/renv/lib/R/library","0.26.7",NA,"R (>= 4.0.0), methods, stats4, Matrix, BiocGenerics (>=
0.43.4), MatrixGenerics (>= 1.1.3), S4Vectors (>= 0.27.2),
IRanges (>= 2.17.3), S4Arrays (>= 1.0.1)","stats","S4Vectors","BiocParallel, HDF5Array (>= 1.17.12), genefilter,
SummarizedExperiment, airway, lobstr, DelayedMatrixStats,
knitr, rmarkdown, BiocStyle, RUnit",NA,"Artistic-2.0",NA,NA,NA,NA,"yes","4.3.0"
"DelayedMatrixStats","DelayedMatrixStats","/home/dalwsing/anaconda3/envs/renv/lib/R/library","1.22.6",NA,"MatrixGenerics (>= 1.12.1), DelayedArray (>= 0.26.7)","methods, matrixStats (>= 1.0.0), sparseMatrixStats, Matrix (>=
1.5-0), S4Vectors (>= 0.17.5), IRanges (>= 2.25.10)",NA,"testthat, knitr, rmarkdown, covr, BiocStyle, microbenchmark,
profmem, HDF5Array",NA,"MIT + file LICENSE",NA,NA,NA,NA,"no","4.3.0"
"deldir","deldir","/home/dalwsing/anaconda3/envs/renv/lib/R/library","1.0-9",NA,"R (>= 3.5.0)","graphics, grDevices",NA,"polyclip",NA,"GPL (>= 2)",NA,NA,NA,NA,"yes","4.3.0"
"dendextend","dendextend","/home/dalwsing/anaconda3/envs/renv/lib/R/library","1.17.1",NA,"R (>= 3.0.0)","utils, stats, datasets, magrittr (>= 1.0.1), ggplot2, viridis",NA,"knitr, rmarkdown, testthat, seriation, colorspace, ape,
microbenchmark, gplots, heatmaply, dynamicTreeCut, pvclust,
corrplot, DendSer, MASS, cluster, fpc, circlize (>= 0.2.5),
covr","ggdendro, dendroextras, Hmisc, data.table, rpart, WGCNA,
moduleColor, distory, phangorn, zoo","GPL-2 | GPL-3",NA,NA,NA,NA,"no","4.3.0"
"DEoptimR","DEoptimR","/home/dalwsing/anaconda3/envs/renv/lib/R/library","1.0-14",NA,NA,"stats",NA,NA,"robustbase","GPL (>= 2)",NA,NA,NA,NA,"no","4.3.0"
"desc","desc","/home/dalwsing/anaconda3/envs/renv/lib/R/library","1.4.2",NA,"R (>= 3.4)","cli, R6, rprojroot, utils",NA,"callr, covr, gh, spelling, testthat, whoami, withr",NA,"MIT + file LICENSE",NA,NA,NA,NA,"no","4.3.0"
"DESeq2","DESeq2","/home/dalwsing/anaconda3/envs/renv/lib/R/library","1.40.2",NA,"S4Vectors (>= 0.23.18), IRanges, GenomicRanges,
SummarizedExperiment (>= 1.1.6)","BiocGenerics (>= 0.7.5), Biobase, BiocParallel, matrixStats,
methods, stats4, locfit, ggplot2, Rcpp (>= 0.11.0)","Rcpp, RcppArmadillo","testthat, knitr, rmarkdown, vsn, pheatmap, RColorBrewer,
apeglm, ashr, tximport, tximeta, tximportData, readr, pbapply,
airway, pasilla (>= 0.2.10), glmGamPoi, BiocManager",NA,"LGPL (>= 3)",NA,NA,NA,NA,"yes","4.3.0"
"DiffBind","DiffBind","/home/dalwsing/anaconda3/envs/renv/lib/R/library","3.10.1",NA,"R (>= 4.0), GenomicRanges, SummarizedExperiment","RColorBrewer, amap, gplots, grDevices, limma,
GenomicAlignments, locfit, stats, utils, IRanges, lattice,
systemPipeR, tools, Rcpp, dplyr, ggplot2, BiocParallel,
parallel, S4Vectors, Rsamtools (>= 2.13.1), DESeq2, methods,
graphics, ggrepel, apeglm, ashr, GreyListChIP","Rhtslib (>= 1.99.1), Rcpp","BiocStyle, testthat, xtable, rgl, XLConnect, edgeR, csaw,
BSgenome, GenomeInfoDb, profileplyr, rtracklayer, grid",NA,"Artistic-2.0",NA,NA,NA,NA,"yes","4.3.0"
"diffobj","diffobj","/home/dalwsing/anaconda3/envs/renv/lib/R/library","0.3.5",NA,"R (>= 3.1.0)","crayon (>= 1.3.2), tools, methods, utils, stats",NA,"knitr, rmarkdown",NA,"GPL-2 | GPL-3",NA,NA,NA,NA,"yes","4.3.0"
"digest","digest","/home/dalwsing/anaconda3/envs/renv/lib/R/library","0.6.32",NA,"R (>= 3.3.0)","utils",NA,"tinytest, simplermarkdown",NA,"GPL (>= 2)",NA,NA,NA,NA,"yes","4.3.0"
"doParallel","doParallel","/home/dalwsing/anaconda3/envs/renv/lib/R/library","1.0.14",NA,"R (>= 2.14.0), foreach(>= 1.2.0), iterators(>= 1.0.0),
parallel, utils",NA,NA,"caret, mlbench, rpart, RUnit","compiler","GPL-2",NA,NA,NA,NA,"no","4.3.0"
"dplyr","dplyr","/home/dalwsing/anaconda3/envs/renv/lib/R/library","1.1.2",NA,"R (>= 3.5.0)","cli (>= 3.4.0), generics, glue (>= 1.3.2), lifecycle (>=
1.0.3), magrittr (>= 1.5), methods, pillar (>= 1.9.0), R6,
rlang (>= 1.1.0), tibble (>= 3.2.0), tidyselect (>= 1.2.0),
utils, vctrs (>= 0.6.0)",NA,"bench, broom, callr, covr, DBI, dbplyr (>= 2.2.1), ggplot2,
knitr, Lahman, lobstr, microbenchmark, nycflights13, purrr,
rmarkdown, RMySQL, RPostgreSQL, RSQLite, stringi (>= 1.7.6),
testthat (>= 3.1.5), tidyr (>= 1.3.0), withr",NA,"MIT + file LICENSE",NA,NA,NA,NA,"yes","4.3.0"
"DT","DT","/home/dalwsing/anaconda3/envs/renv/lib/R/library","0.31",NA,NA,"htmltools (>= 0.3.6), htmlwidgets (>= 1.3), httpuv, jsonlite
(>= 0.9.16), magrittr, crosstalk, jquerylib, promises",NA,"knitr (>= 1.8), rmarkdown, shiny (>= 1.6), bslib, future,
testit, tibble",NA,"GPL-3 | file LICENSE",NA,NA,NA,NA,"no","4.3.0"
"dtplyr","dtplyr","/home/dalwsing/anaconda3/envs/renv/lib/R/library","1.3.1",NA,"R (>= 3.3)","cli (>= 3.4.0), data.table (>= 1.13.0), dplyr (>= 1.1.0),
glue, lifecycle, rlang (>= 1.0.4), tibble, tidyselect (>=
1.2.0), vctrs (>= 0.4.1)",NA,"bench, covr, knitr, rmarkdown, testthat (>= 3.1.2), tidyr (>=
1.1.0), waldo (>= 0.3.1)",NA,"MIT + file LICENSE",NA,NA,NA,NA,"no","4.3.0"
"edgeR","edgeR","/home/dalwsing/anaconda3/envs/renv/lib/R/library","3.42.4",NA,"R (>= 3.6.0), limma (>= 3.41.5)","methods, graphics, stats, utils, locfit, Rcpp","Rcpp","jsonlite, readr, rhdf5, splines, statmod, Biobase,
AnnotationDbi, SummarizedExperiment, org.Hs.eg.db, Matrix,
SeuratObject",NA,"GPL (>=2)",NA,NA,NA,NA,"yes","4.3.0"
"ellipse","ellipse","/home/dalwsing/anaconda3/envs/renv/lib/R/library","0.5.0",NA,"R (>= 2.0.0),graphics,stats",NA,NA,"MASS",NA,"GPL (>= 2)",NA,NA,NA,NA,"no","4.3.0"
"ellipsis","ellipsis","/home/dalwsing/anaconda3/envs/renv/lib/R/library","0.3.2",NA,"R (>= 3.2)","rlang (>= 0.3.0)",NA,"covr, testthat",NA,"MIT + file LICENSE",NA,NA,NA,NA,"yes","4.3.0"
"emdbook","emdbook","/home/dalwsing/anaconda3/envs/renv/lib/R/library","1.3.13",NA,NA,"MASS, lattice, plyr, coda, bbmle",NA,"R2jags, ellipse, SuppDists, numDeriv, testthat, rgl",NA,"GPL",NA,NA,NA,NA,"no","4.3.0"
"emmeans","emmeans","/home/dalwsing/anaconda3/envs/renv/lib/R/library","1.8.9",NA,"R (>= 4.1.0)","estimability (>= 1.4.1), graphics, methods, numDeriv, stats,
utils, mvtnorm",NA,"bayesplot, bayestestR, biglm, brms, car, coda (>= 0.17),
ggplot2, lattice, logspline, mediation, mgcv, multcomp,
multcompView, nlme, ordinal (>= 2014.11-12), pbkrtest (>=
0.4-1), lme4, lmerTest (>= 2.0.32), MASS, MuMIn, rsm, knitr,
rmarkdown, sandwich, scales, splines, testthat, xtable (>=
1.8-2)","CARBayes, coxme, gee, geepack, MCMCglmm, MCMCpack, mice,
nnet, pscl, rstanarm, sommer, survival","GPL-2 | GPL-3",NA,NA,NA,NA,"no","4.3.0"
"ensembldb","ensembldb","/home/dalwsing/anaconda3/envs/renv/lib/R/library","2.24.0",NA,"R (>= 3.5.0), BiocGenerics (>= 0.15.10), GenomicRanges (>=
1.31.18), GenomicFeatures (>= 1.49.6), AnnotationFilter (>=
1.5.2)","methods, RSQLite (>= 1.1), DBI, Biobase, GenomeInfoDb,
AnnotationDbi (>= 1.31.19), rtracklayer, S4Vectors (>=
0.23.10), Rsamtools, IRanges (>= 2.13.24), ProtGenerics,
Biostrings (>= 2.47.9), curl",NA,"BiocStyle, knitr, EnsDb.Hsapiens.v86 (>= 0.99.8), testthat,
BSgenome.Hsapiens.NCBI.GRCh38, ggbio (>= 1.24.0), Gviz (>=
1.20.0), rmarkdown, AnnotationHub","RMariaDB, shiny","LGPL",NA,NA,NA,NA,"no","4.3.0"
"estimability","estimability","/home/dalwsing/anaconda3/envs/renv/lib/R/library","1.4.1",NA,"stats",NA,NA,NA,NA,"GPL (>= 3)",NA,NA,NA,NA,"no","4.3.0"
"etrunct","etrunct","/home/dalwsing/anaconda3/envs/renv/lib/R/library","0.1",NA,NA,NA,NA,"testthat",NA,"MIT + file LICENSE",NA,NA,NA,NA,"no","4.3.0"
"evaluate","evaluate","/home/dalwsing/anaconda3/envs/renv/lib/R/library","0.21",NA,"R (>= 3.0.2)","methods",NA,"covr, ggplot2, lattice, rlang, testthat (>= 3.0.0), withr",NA,"MIT + file LICENSE",NA,NA,NA,NA,"no","4.3.0"
"factoextra","factoextra","/home/dalwsing/anaconda3/envs/renv/lib/R/library","1.0.7",NA,"R (>= 3.1.2), ggplot2 (>= 2.2.0)","abind, cluster, dendextend, FactoMineR, ggpubr(>= 0.1.5),
grid, stats, reshape2, ggrepel, tidyr",NA,"ade4, ca, igraph, MASS, knitr, mclust",NA,"GPL-2",NA,NA,NA,NA,"no","4.3.0"
"FactoMineR","FactoMineR","/home/dalwsing/anaconda3/envs/renv/lib/R/library","2.9",NA,"R (>= 4.0)","car,cluster,DT,ellipse,emmeans,flashClust,graphics,grDevices,lattice,leaps,MASS,multcompView,scatterplot3d,stats,utils,ggplot2,ggrepel",NA,"missMDA,knitr,Factoshiny,markdown",NA,"GPL (>= 2)",NA,NA,NA,NA,"yes","4.3.0"
"fansi","fansi","/home/dalwsing/anaconda3/envs/renv/lib/R/library","1.0.4",NA,"R (>= 3.1.0)","grDevices, utils",NA,"unitizer, knitr, rmarkdown",NA,"GPL-2 | GPL-3",NA,NA,NA,NA,"yes","4.3.0"
"farver","farver","/home/dalwsing/anaconda3/envs/renv/lib/R/library","2.1.1",NA,NA,NA,NA,"covr, testthat (>= 3.0.0)",NA,"MIT + file LICENSE",NA,NA,NA,NA,"yes","4.3.0"
"fastmap","fastmap","/home/dalwsing/anaconda3/envs/renv/lib/R/library","1.1.1",NA,NA,NA,NA,"testthat (>= 2.1.1)",NA,"MIT + file LICENSE",NA,NA,NA,NA,"yes","4.3.0"
"filelock","filelock","/home/dalwsing/anaconda3/envs/renv/lib/R/library","1.0.2",NA,NA,NA,NA,"callr (>= 2.0.0), covr, testthat",NA,"MIT + file LICENSE",NA,NA,NA,NA,"yes","4.3.0"
"flashClust","flashClust","/home/dalwsing/anaconda3/envs/renv/lib/R/library","1.01-2",NA,"R (>= 2.3.0)",NA,NA,NA,NA,"GPL (>= 2)",NA,NA,NA,NA,NA,"4.3.0"
"flowCore","flowCore","/home/dalwsing/anaconda3/envs/renv/lib/R/library","2.12.0",NA,"R (>= 3.5.0)","Biobase, BiocGenerics (>= 0.29.2), grDevices, graphics,
methods, stats, utils, stats4, Rcpp, matrixStats, cytolib (>=
2.3.4), S4Vectors","cpp11, BH(>= 1.65.0.1), cytolib, RProtoBufLib","Rgraphviz, flowViz, flowStats (>= 3.43.4), testthat,
flowWorkspace, flowWorkspaceData, openCyto, knitr, ggcyto,
gridExtra",NA,"Artistic-2.0",NA,NA,NA,NA,"yes","4.3.0"
"fontawesome","fontawesome","/home/dalwsing/anaconda3/envs/renv/lib/R/library","0.5.2",NA,"R (>= 3.3.0)","rlang (>= 1.0.6), htmltools (>= 0.5.1.1)",NA,"covr, dplyr (>= 1.0.8), knitr (>= 1.31), testthat (>= 3.0.0),
rsvg",NA,"MIT + file LICENSE",NA,NA,NA,NA,"no","4.3.0"
"forcats","forcats","/home/dalwsing/anaconda3/envs/renv/lib/R/library","1.0.0",NA,"R (>= 3.4)","cli (>= 3.4.0), glue, lifecycle, magrittr, rlang (>= 1.0.0),
tibble",NA,"covr, dplyr, ggplot2, knitr, readr, rmarkdown, testthat (>=
3.0.0), withr",NA,"MIT + file LICENSE",NA,NA,NA,NA,"no","4.3.0"
"foreach","foreach","/home/dalwsing/anaconda3/envs/renv/lib/R/library","1.5.1",NA,"R (>= 2.5.0)","codetools, utils, iterators",NA,"randomForest, future","compiler, doMC, RUnit, doParallel","Apache License (== 2.0)",NA,NA,NA,NA,"no","4.3.0"
"foreign","foreign","/home/dalwsing/anaconda3/envs/renv/lib/R/library","0.8-85","recommended","R (>= 4.0.0)","methods, utils, stats",NA,NA,NA,"GPL (>= 2)",NA,NA,NA,NA,"yes","4.3.0"
"formatR","formatR","/home/dalwsing/anaconda3/envs/renv/lib/R/library","1.14",NA,"R (>= 3.2.3)",NA,NA,"rstudioapi, shiny, testit, rmarkdown, knitr",NA,"GPL",NA,NA,NA,NA,"no","4.3.0"
"fs","fs","/home/dalwsing/anaconda3/envs/renv/lib/R/library","1.6.2",NA,"R (>= 3.4)","methods",NA,"covr, crayon, knitr, pillar (>= 1.0.0), rmarkdown, spelling,
testthat (>= 3.0.0), tibble (>= 1.1.0), vctrs (>= 0.3.0), withr",NA,"MIT + file LICENSE",NA,NA,NA,NA,"yes","4.3.0"
"futile.logger","futile.logger","/home/dalwsing/anaconda3/envs/renv/lib/R/library","1.4.3",NA,"R (>= 3.0.0)","utils, lambda.r (>= 1.1.0), futile.options",NA,"testthat, jsonlite",NA,"LGPL-3",NA,NA,NA,NA,"no","4.3.0"
"futile.options","futile.options","/home/dalwsing/anaconda3/envs/renv/lib/R/library","1.0.1",NA,"R (>= 2.8.0)",NA,NA,NA,NA,"LGPL-3",NA,NA,NA,NA,"no","4.3.0"
"gargle","gargle","/home/dalwsing/anaconda3/envs/renv/lib/R/library","1.5.2",NA,"R (>= 3.6)","cli (>= 3.0.1), fs (>= 1.3.1), glue (>= 1.3.0), httr (>=
1.4.5), jsonlite, lifecycle, openssl, rappdirs, rlang (>=
1.1.0), stats, utils, withr",NA,"aws.ec2metadata, aws.signature, covr, httpuv, knitr,
rmarkdown, sodium, spelling, testthat (>= 3.1.7)",NA,"MIT + file LICENSE",NA,NA,NA,NA,"no","4.3.0"
"generics","generics","/home/dalwsing/anaconda3/envs/renv/lib/R/library","0.1.3",NA,"R (>= 3.2)","methods",NA,"covr, pkgload, testthat (>= 3.0.0), tibble, withr",NA,"MIT + file LICENSE",NA,NA,NA,NA,"no","4.3.0"
"GenomeInfoDb","GenomeInfoDb","/home/dalwsing/anaconda3/envs/renv/lib/R/library","1.36.1",NA,"R (>= 4.0.0), methods, BiocGenerics (>= 0.37.0), S4Vectors (>=
0.25.12), IRanges (>= 2.13.12)","stats, stats4, utils, RCurl, GenomeInfoDbData",NA,"GenomicRanges, Rsamtools, GenomicAlignments, GenomicFeatures,
TxDb.Dmelanogaster.UCSC.dm3.ensGene, BSgenome,
BSgenome.Scerevisiae.UCSC.sacCer2, BSgenome.Celegans.UCSC.ce2,
BSgenome.Hsapiens.NCBI.GRCh38, RUnit, BiocStyle, knitr",NA,"Artistic-2.0",NA,NA,NA,NA,"no","4.3.0"
"GenomeInfoDbData","GenomeInfoDbData","/home/dalwsing/anaconda3/envs/renv/lib/R/library","1.2.10",NA,"R (>= 3.5.0)",NA,NA,NA,NA,"Artistic-2.0",NA,NA,NA,NA,"no","4.3.0"
"GenomicAlignments","GenomicAlignments","/home/dalwsing/anaconda3/envs/renv/lib/R/library","1.36.0",NA,"R (>= 4.0.0), methods, BiocGenerics (>= 0.37.0), S4Vectors (>=
0.27.12), IRanges (>= 2.23.9), GenomeInfoDb (>= 1.13.1),
GenomicRanges (>= 1.41.5), SummarizedExperiment (>= 1.9.13),
Biostrings (>= 2.55.7), Rsamtools (>= 1.31.2)","methods, utils, stats, BiocGenerics, S4Vectors, IRanges,
GenomicRanges, Biostrings, Rsamtools, BiocParallel","S4Vectors, IRanges","ShortRead, rtracklayer, BSgenome, GenomicFeatures,
RNAseqData.HNRNPC.bam.chr14, pasillaBamSubset,
TxDb.Hsapiens.UCSC.hg19.knownGene,
TxDb.Dmelanogaster.UCSC.dm3.ensGene,
BSgenome.Dmelanogaster.UCSC.dm3, BSgenome.Hsapiens.UCSC.hg19,
DESeq2, edgeR, RUnit, BiocStyle",NA,"Artistic-2.0",NA,NA,NA,NA,"yes","4.3.0"
"GenomicFeatures","GenomicFeatures","/home/dalwsing/anaconda3/envs/renv/lib/R/library","1.52.1",NA,"R (>= 3.5.0), BiocGenerics (>= 0.1.0), S4Vectors (>= 0.17.29),
IRanges (>= 2.13.23), GenomeInfoDb (>= 1.35.8), GenomicRanges
(>= 1.31.17), AnnotationDbi (>= 1.41.4)","methods, utils, stats, tools, DBI, RSQLite (>= 2.0), RCurl,
XVector (>= 0.19.7), Biostrings (>= 2.47.6), BiocIO,
rtracklayer (>= 1.51.5), biomaRt (>= 2.17.1), Biobase (>=
2.15.1)",NA,"RMariaDB, org.Mm.eg.db, org.Hs.eg.db, BSgenome,
BSgenome.Hsapiens.UCSC.hg19 (>= 1.3.17),
BSgenome.Celegans.UCSC.ce11, BSgenome.Dmelanogaster.UCSC.dm3
(>= 1.3.17), mirbase.db, FDb.UCSC.tRNAs,
TxDb.Hsapiens.UCSC.hg19.knownGene,
TxDb.Celegans.UCSC.ce11.ensGene,
TxDb.Dmelanogaster.UCSC.dm3.ensGene (>= 2.7.1),
TxDb.Mmusculus.UCSC.mm10.knownGene (>= 3.4.7),
TxDb.Hsapiens.UCSC.hg19.lincRNAsTranscripts,
TxDb.Hsapiens.UCSC.hg38.knownGene (>= 3.4.6),
SNPlocs.Hsapiens.dbSNP144.GRCh38, Rsamtools, pasillaBamSubset
(>= 0.0.5), GenomicAlignments (>= 1.15.7), ensembldb,
AnnotationFilter, RUnit, BiocStyle, knitr, markdown",NA,"Artistic-2.0",NA,NA,NA,NA,"no","4.3.0"
"GenomicRanges","GenomicRanges","/home/dalwsing/anaconda3/envs/renv/lib/R/library","1.52.0",NA,"R (>= 4.0.0), methods, stats4, BiocGenerics (>= 0.37.0),
S4Vectors (>= 0.27.12), IRanges (>= 2.31.2), GenomeInfoDb (>=
1.15.2)","utils, stats, XVector (>= 0.29.2)","S4Vectors, IRanges","Matrix, Biobase, AnnotationDbi, annotate, Biostrings (>=
2.25.3), SummarizedExperiment (>= 0.1.5), Rsamtools (>=
1.13.53), GenomicAlignments, rtracklayer, BSgenome,
GenomicFeatures, Gviz, VariantAnnotation, AnnotationHub,
DESeq2, DEXSeq, edgeR, KEGGgraph, RNAseqData.HNRNPC.bam.chr14,
pasillaBamSubset, KEGGREST, hgu95av2.db, hgu95av2probe,
BSgenome.Scerevisiae.UCSC.sacCer2, BSgenome.Hsapiens.UCSC.hg19,
BSgenome.Mmusculus.UCSC.mm10,
TxDb.Athaliana.BioMart.plantsmart22,
TxDb.Dmelanogaster.UCSC.dm3.ensGene,
TxDb.Hsapiens.UCSC.hg19.knownGene,
TxDb.Mmusculus.UCSC.mm10.knownGene, RUnit, digest, knitr,
rmarkdown, BiocStyle",NA,"Artistic-2.0",NA,NA,NA,NA,"yes","4.3.0"
"getopt","getopt","/home/dalwsing/anaconda3/envs/renv/lib/R/library","1.19.1",NA,NA,NA,NA,"testthat",NA,"GPL (>= 2)",NA,NA,NA,NA,NA,"4.3.0"
"ggfortify","ggfortify","/home/dalwsing/anaconda3/envs/renv/lib/R/library","0.4.16",NA,"methods, ggplot2 (>= 2.0.0)","dplyr (>= 0.3), tidyr, gridExtra, grid, scales, stringr,
tibble",NA,"testthat, cluster, changepoint, fGarch, forecast, ggrepel,
glmnet, grDevices, KFAS, knitr, lintr, mapdata, markdown, MASS,
MSwM, nlme, raster, ROCR, sp, stats, strucchange, survival,
timeSeries, tseries, utils, vars, xts, zoo, lfda",NA,"MIT + file LICENSE",NA,NA,NA,NA,"no","4.3.0"
"ggplot2","ggplot2","/home/dalwsing/anaconda3/envs/renv/lib/R/library","3.4.2",NA,"R (>= 3.3)","cli, glue, grDevices, grid, gtable (>= 0.1.1), isoband,
lifecycle (> 1.0.1), MASS, mgcv, rlang (>= 1.1.0), scales (>=
1.2.0), stats, tibble, vctrs (>= 0.5.0), withr (>= 2.5.0)",NA,"covr, dplyr, ggplot2movies, hexbin, Hmisc, knitr, lattice,
mapproj, maps, maptools, multcomp, munsell, nlme, profvis,
quantreg, ragg, RColorBrewer, rgeos, rmarkdown, rpart, sf (>=
0.7-3), svglite (>= 1.2.0.9001), testthat (>= 3.1.2), vdiffr
(>= 1.0.0), xml2","sp","MIT + file LICENSE",NA,NA,NA,NA,"no","4.3.0"
"ggpubr","ggpubr","/home/dalwsing/anaconda3/envs/renv/lib/R/library","0.6.0",NA,"R (>= 3.1.0), ggplot2 (>= 3.4.0)","ggrepel (>= 0.9.2), grid, ggsci, stats, utils, tidyr (>=
1.3.0), purrr, dplyr (>= 0.7.1), cowplot (>= 1.1.1), ggsignif,
scales, gridExtra, glue, polynom, rlang (>= 0.4.6), rstatix (>=
0.7.2), tibble, magrittr",NA,"grDevices, knitr, RColorBrewer, gtable, testthat",NA,"GPL (>= 2)",NA,NA,NA,NA,"no","4.3.0"
"ggrepel","ggrepel","/home/dalwsing/anaconda3/envs/renv/lib/R/library","0.9.3",NA,"R (>= 3.0.0), ggplot2 (>= 2.2.0)","grid, Rcpp, rlang (>= 0.3.0), scales (>= 0.5.0), withr (>=
2.5.0)","Rcpp","knitr, rmarkdown, testthat, svglite, vdiffr, gridExtra,
devtools, prettydoc, ggbeeswarm, dplyr, magrittr, readr,
stringr",NA,"GPL-3 | file LICENSE",NA,NA,NA,NA,"yes","4.3.0"
"ggsci","ggsci","/home/dalwsing/anaconda3/envs/renv/lib/R/library","3.0.0",NA,"R (>= 3.5.0)","ggplot2 (>= 2.0.0), grDevices, scales",NA,"gridExtra, knitr, ragg, reshape2, rmarkdown",NA,"GPL (>= 3)",NA,NA,NA,NA,"no","4.3.0"
"ggsignif","ggsignif","/home/dalwsing/anaconda3/envs/renv/lib/R/library","0.6.4",NA,NA,"ggplot2 (>= 3.3.5)",NA,"knitr, rmarkdown, testthat, vdiffr (>= 1.0.2)",NA,"GPL-3 | file LICENSE",NA,NA,NA,NA,"no","4.3.0"
"glue","glue","/home/dalwsing/anaconda3/envs/renv/lib/R/library","1.6.2",NA,"R (>= 3.4)","methods",NA,"covr, crayon, DBI, dplyr, forcats, ggplot2, knitr, magrittr,
microbenchmark, R.utils, rmarkdown, rprintf, RSQLite, stringr,
testthat (>= 3.0.0), vctrs (>= 0.3.0), waldo (>= 0.3.0), withr",NA,"MIT + file LICENSE",NA,NA,NA,NA,"yes","4.3.0"
"googledrive","googledrive","/home/dalwsing/anaconda3/envs/renv/lib/R/library","2.1.1",NA,"R (>= 3.6)","cli (>= 3.0.0), gargle (>= 1.5.0), glue (>= 1.4.2), httr,
jsonlite, lifecycle, magrittr, pillar (>= 1.9.0), purrr (>=
1.0.1), rlang (>= 1.0.2), tibble (>= 2.0.0), utils, uuid, vctrs
(>= 0.3.0), withr",NA,"curl, dplyr (>= 1.0.0), knitr, mockr, rmarkdown, spelling,
testthat (>= 3.1.3)",NA,"MIT + file LICENSE",NA,NA,NA,NA,"no","4.3.0"
"googlesheets4","googlesheets4","/home/dalwsing/anaconda3/envs/renv/lib/R/library","1.1.1",NA,"R (>= 3.6)","cellranger, cli (>= 3.0.0), curl, gargle (>= 1.5.0), glue (>=
1.3.0), googledrive (>= 2.1.0), httr, ids, lifecycle, magrittr,
methods, purrr, rematch2, rlang (>= 1.0.2), tibble (>= 2.1.1),
utils, vctrs (>= 0.2.3), withr",NA,"readr, rmarkdown, spelling, testthat (>= 3.1.7)",NA,"MIT + file LICENSE",NA,NA,NA,NA,"no","4.3.0"
"GPArotation","GPArotation","/home/dalwsing/anaconda3/envs/renv/lib/R/library","2023.8-1",NA,"R (>= 2.0.0)","stats",NA,NA,NA,"GPL (>= 2)",NA,NA,NA,NA,"no","4.3.0"
"gplots","gplots","/home/dalwsing/anaconda3/envs/renv/lib/R/library","3.1.3",NA,"R (>= 3.0)","gtools, stats, caTools, KernSmooth, methods",NA,"grid, MASS, knitr, r2d2",NA,"GPL-2",NA,NA,NA,NA,"no","4.3.0"
"graph","graph","/home/dalwsing/anaconda3/envs/renv/lib/R/library","1.78.0",NA,"R (>= 2.10), methods, BiocGenerics (>= 0.13.11)","stats, stats4, utils",NA,"SparseM (>= 0.36), XML, RBGL, RUnit, cluster, BiocStyle,
knitr","Rgraphviz","Artistic-2.0",NA,NA,NA,NA,"yes","4.3.0"
"graphics","graphics","/home/dalwsing/anaconda3/envs/renv/lib/R/library","4.3.0","base",NA,"grDevices",NA,NA,NA,"Part of R 4.3.0",NA,NA,NA,NA,"yes","4.3.0"
"grDevices","grDevices","/home/dalwsing/anaconda3/envs/renv/lib/R/library","4.3.0","base",NA,NA,NA,"KernSmooth",NA,"Part of R 4.3.0",NA,NA,NA,NA,"yes","4.3.0"
"GreyListChIP","GreyListChIP","/home/dalwsing/anaconda3/envs/renv/lib/R/library","1.32.0",NA,"R (>= 4.0), methods, GenomicRanges","GenomicAlignments, BSgenome, Rsamtools, rtracklayer, MASS,
parallel, GenomeInfoDb, SummarizedExperiment, stats, utils",NA,"BiocStyle, BiocGenerics, RUnit, BSgenome.Hsapiens.UCSC.hg19",NA,"Artistic-2.0",NA,NA,NA,NA,"no","4.3.0"
"grid","grid","/home/dalwsing/anaconda3/envs/renv/lib/R/library","4.3.0","base",NA,"grDevices, utils",NA,NA,NA,"Part of R 4.3.0",NA,NA,NA,NA,"yes","4.3.0"
"gridExtra","gridExtra","/home/dalwsing/anaconda3/envs/renv/lib/R/library","2.3",NA,NA,"gtable, grid, grDevices, graphics, utils",NA,"ggplot2, egg, lattice, knitr, testthat",NA,"GPL (>= 2)",NA,NA,NA,NA,"no","4.3.0"
"gtable","gtable","/home/dalwsing/anaconda3/envs/renv/lib/R/library","0.3.3",NA,"R (>= 3.5)","cli, glue, grid, lifecycle, rlang (>= 1.1.0)",NA,"covr, ggplot2, knitr, profvis, rmarkdown, testthat (>= 3.0.0)",NA,"MIT + file LICENSE",NA,NA,NA,NA,"no","4.3.0"
"gtools","gtools","/home/dalwsing/anaconda3/envs/renv/lib/R/library","3.9.4",NA,"methods, stats, utils",NA,NA,"car, gplots, knitr, rstudioapi, SGP, taxize",NA,"GPL-2",NA,NA,NA,NA,"yes","4.3.0"
"haven","haven","/home/dalwsing/anaconda3/envs/renv/lib/R/library","2.5.4",NA,"R (>= 3.6)","cli (>= 3.0.0), forcats (>= 0.2.0), hms, lifecycle, methods,
readr (>= 0.1.0), rlang (>= 0.4.0), tibble, tidyselect, vctrs
(>= 0.3.0)","cpp11","covr, crayon, fs, knitr, pillar (>= 1.4.0), rmarkdown,
testthat (>= 3.0.0), utf8",NA,"MIT + file LICENSE",NA,NA,NA,NA,"yes","4.3.0"
"here","here","/home/dalwsing/anaconda3/envs/renv/lib/R/library","1.0.1",NA,NA,"rprojroot (>= 2.0.2)",NA,"conflicted, covr, fs, knitr, palmerpenguins, plyr, readr,
rlang, rmarkdown, testthat, uuid, withr",NA,"MIT + file LICENSE",NA,NA,NA,NA,"no","4.3.0"
"highr","highr","/home/dalwsing/anaconda3/envs/renv/lib/R/library","0.10",NA,"R (>= 3.3.0)","xfun (>= 0.18)",NA,"knitr, markdown, testit",NA,"GPL",NA,NA,NA,NA,"no","4.3.0"
"hms","hms","/home/dalwsing/anaconda3/envs/renv/lib/R/library","1.1.3",NA,NA,"lifecycle, methods, pkgconfig, rlang (>= 1.0.2), vctrs (>=
0.3.8)",NA,"crayon, lubridate, pillar (>= 1.1.0), testthat (>= 3.0.0)",NA,"MIT + file LICENSE",NA,NA,NA,NA,"no","4.3.0"
"htmltools","htmltools","/home/dalwsing/anaconda3/envs/renv/lib/R/library","0.5.6",NA,"R (>= 2.14.1)","utils, digest, grDevices, base64enc, rlang (>= 0.4.12),
fastmap (>= 1.1.0), ellipsis",NA,"markdown, testthat, withr, Cairo, ragg, shiny","knitr","GPL (>= 2)",NA,NA,NA,NA,"yes","4.3.0"
"htmlwidgets","htmlwidgets","/home/dalwsing/anaconda3/envs/renv/lib/R/library","1.6.2",NA,NA,"grDevices, htmltools (>= 0.5.4), jsonlite (>= 0.9.16), yaml,
knitr (>= 1.8), rmarkdown",NA,"testthat","shiny (>= 1.1)","MIT + file LICENSE",NA,NA,NA,NA,"no","4.3.0"
"httpuv","httpuv","/home/dalwsing/anaconda3/envs/renv/lib/R/library","1.6.13",NA,"R (>= 2.15.1)","later (>= 0.8.0), promises, R6, Rcpp (>= 1.0.7), utils","later, Rcpp","callr, curl, testthat, websocket",NA,"GPL (>= 2) | file LICENSE",NA,NA,NA,NA,"yes","4.3.0"
"httr","httr","/home/dalwsing/anaconda3/envs/renv/lib/R/library","1.4.7",NA,"R (>= 3.5)","curl (>= 5.0.2), jsonlite, mime, openssl (>= 0.8), R6",NA,"covr, httpuv, jpeg, knitr, png, readr, rmarkdown, testthat
(>= 0.8.0), xml2",NA,"MIT + file LICENSE",NA,NA,NA,NA,"no","4.3.0"
"hwriter","hwriter","/home/dalwsing/anaconda3/envs/renv/lib/R/library","1.3.2.1",NA,"R (>= 2.6.0)",NA,NA,NA,NA,"LGPL-2.1",NA,NA,NA,NA,"no","4.3.0"
"ids","ids","/home/dalwsing/anaconda3/envs/renv/lib/R/library","1.0.1",NA,NA,"openssl, uuid",NA,"knitr, rcorpora, rmarkdown, testthat",NA,"MIT + file LICENSE",NA,NA,NA,NA,"no","4.3.0"
"InteractionSet","InteractionSet","/home/dalwsing/anaconda3/envs/renv/lib/R/library","1.28.1",NA,"GenomicRanges, SummarizedExperiment","methods, Matrix, Rcpp, BiocGenerics, S4Vectors (>= 0.27.12),
IRanges, GenomeInfoDb","Rcpp","testthat, knitr, rmarkdown, BiocStyle",NA,"GPL-3",NA,NA,NA,NA,"yes","4.3.0"
"interp","interp","/home/dalwsing/anaconda3/envs/renv/lib/R/library","1.1-4",NA,"R (>= 3.5.0)","Rcpp (>= 0.12.9), deldir","Rcpp, RcppEigen","sp, Deriv, Ryacas, ggplot2, gridExtra, lattice, stringi,
stringr, scatterplot3d, MASS","RcppEigen","GPL (>= 2)",NA,NA,NA,NA,"yes","4.3.0"
"invgamma","invgamma","/home/dalwsing/anaconda3/envs/renv/lib/R/library","1.1",NA,NA,NA,NA,NA,NA,"GPL-2",NA,NA,NA,NA,"no","4.3.0"
"IRanges","IRanges","/home/dalwsing/anaconda3/envs/renv/lib/R/library","2.34.1",NA,"R (>= 4.0.0), methods, utils, stats, BiocGenerics (>= 0.39.2),
S4Vectors (>= 0.33.3)","stats4","S4Vectors","XVector, GenomicRanges, Rsamtools, GenomicAlignments,
GenomicFeatures, BSgenome.Celegans.UCSC.ce2, pasillaBamSubset,
RUnit, BiocStyle",NA,"Artistic-2.0",NA,NA,NA,NA,"yes","4.3.0"
"irlba","irlba","/home/dalwsing/anaconda3/envs/renv/lib/R/library","2.3.5.1",NA,"R (>= 3.6.2), Matrix","stats, methods","Matrix",NA,NA,"GPL-3",NA,NA,NA,NA,"yes","4.3.0"
"isoband","isoband","/home/dalwsing/anaconda3/envs/renv/lib/R/library","0.2.7",NA,NA,"grid, utils",NA,"covr, ggplot2, knitr, magick, microbenchmark, rmarkdown, sf,
testthat, xml2",NA,"MIT + file LICENSE",NA,NA,NA,NA,"yes","4.3.0"
"iterators","iterators","/home/dalwsing/anaconda3/envs/renv/lib/R/library","1.0.11",NA,"R (>= 2.5.0), utils",NA,NA,"RUnit, foreach",NA,"Apache License (== 2.0)",NA,NA,NA,NA,"no","4.3.0"
"jpeg","jpeg","/home/dalwsing/anaconda3/envs/renv/lib/R/library","0.1-10",NA,"R (>= 2.9.0)",NA,NA,NA,NA,"GPL-2 | GPL-3",NA,NA,NA,NA,"yes","4.3.0"
"jquerylib","jquerylib","/home/dalwsing/anaconda3/envs/renv/lib/R/library","0.1.4",NA,NA,"htmltools",NA,"testthat",NA,"MIT + file LICENSE",NA,NA,NA,NA,"no","4.3.0"
"jsonlite","jsonlite","/home/dalwsing/anaconda3/envs/renv/lib/R/library","1.8.7",NA,"methods",NA,NA,"httr, vctrs, testthat, knitr, rmarkdown, R.rsp, sf",NA,"MIT + file LICENSE",NA,NA,NA,NA,"yes","4.3.0"
"KEGGREST","KEGGREST","/home/dalwsing/anaconda3/envs/renv/lib/R/library","1.40.0",NA,"R (>= 3.5.0)","methods, httr, png, Biostrings",NA,"RUnit, BiocGenerics, knitr, markdown",NA,"Artistic-2.0",NA,NA,NA,NA,"no","4.3.0"
"KernSmooth","KernSmooth","/home/dalwsing/anaconda3/envs/renv/lib/R/library","2.23-22","recommended","R (>= 2.5.0), stats",NA,NA,"MASS, carData",NA,"Unlimited",NA,NA,NA,NA,"yes","4.3.0"
"knitr","knitr","/home/dalwsing/anaconda3/envs/renv/lib/R/library","1.43",NA,"R (>= 3.3.0)","evaluate (>= 0.15), highr, methods, tools, xfun (>= 0.39),
yaml (>= 2.1.19)",NA,"bslib, codetools, DBI (>= 0.4-1), digest, formatR, gifski,
gridSVG, htmlwidgets (>= 0.7), curl, jpeg, JuliaCall (>=
0.11.1), magick, markdown (>= 1.3), png, ragg, reticulate (>=
1.4), rgl (>= 0.95.1201), rlang, rmarkdown, sass, showtext,
styler (>= 1.2.0), targets (>= 0.6.0), testit, tibble,
tikzDevice (>= 0.10), tinytex, webshot, rstudioapi, xml2 (>=
1.2.0)",NA,"GPL",NA,NA,NA,NA,"no","4.3.0"
"labeling","labeling","/home/dalwsing/anaconda3/envs/renv/lib/R/library","0.4.2",NA,NA,"stats, graphics",NA,NA,NA,"MIT + file LICENSE | Unlimited",NA,NA,NA,NA,"no","4.3.0"
"lambda.r","lambda.r","/home/dalwsing/anaconda3/envs/renv/lib/R/library","1.2.4",NA,"R (>= 3.0.0)","formatR",NA,"testit",NA,"LGPL-3",NA,NA,NA,NA,"no","4.3.0"
"later","later","/home/dalwsing/anaconda3/envs/renv/lib/R/library","1.3.2",NA,NA,"Rcpp (>= 0.12.9), rlang","Rcpp","knitr, rmarkdown, testthat (>= 2.1.0)",NA,"MIT + file LICENSE",NA,NA,NA,NA,"yes","4.3.0"
"lattice","lattice","/home/dalwsing/anaconda3/envs/renv/lib/R/library","0.21-8","recommended","R (>= 4.0.0)","grid, grDevices, graphics, stats, utils",NA,"KernSmooth, MASS, latticeExtra, colorspace","chron","GPL (>= 2)",NA,NA,NA,NA,"yes","4.3.0"
"latticeExtra","latticeExtra","/home/dalwsing/anaconda3/envs/renv/lib/R/library","0.6-30",NA,"R (>= 3.6.0), lattice","grid, stats, utils, grDevices, png, jpeg, RColorBrewer,
interp, MASS",NA,"maps, mapproj, deldir, quantreg, zoo, mgcv",NA,"GPL (>= 2)",NA,NA,NA,NA,"no","4.3.0"
"lavaan","lavaan","/home/dalwsing/anaconda3/envs/renv/lib/R/library","0.6-16",NA,"R(>= 3.4)","methods, stats4, stats, utils, graphics, MASS, mnormt,
pbivnorm, numDeriv, quadprog",NA,NA,NA,"GPL (>= 2)",NA,NA,NA,NA,"no","4.3.0"
"lazyeval","lazyeval","/home/dalwsing/anaconda3/envs/renv/lib/R/library","0.2.2",NA,"R (>= 3.1.0)",NA,NA,"knitr, rmarkdown (>= 0.2.65), testthat, covr",NA,"GPL-3",NA,NA,NA,NA,"yes","4.3.0"
"leaps","leaps","/home/dalwsing/anaconda3/envs/renv/lib/R/library","3.1",NA,"",NA,NA,"biglm",NA,"GPL (>= 2)",NA,NA,NA,NA,"yes","4.3.0"
"lifecycle","lifecycle","/home/dalwsing/anaconda3/envs/renv/lib/R/library","1.0.3",NA,"R (>= 3.4)","cli (>= 3.4.0), glue, rlang (>= 1.0.6)",NA,"covr, crayon, knitr, lintr, rmarkdown, testthat (>= 3.0.1),
tibble, tidyverse, tools, vctrs, withr",NA,"MIT + file LICENSE",NA,NA,NA,NA,"no","4.3.0"
"limma","limma","/home/dalwsing/anaconda3/envs/renv/lib/R/library","3.56.2",NA,"R (>= 3.6.0)","grDevices, graphics, stats, utils, methods",NA,"affy, AnnotationDbi, BiasedUrn, Biobase, ellipse, GO.db,
gplots, illuminaio, locfit, MASS, org.Hs.eg.db, splines,
statmod (>= 1.2.2), vsn",NA,"GPL (>=2)",NA,NA,NA,NA,"yes","4.3.0"
"lme4","lme4","/home/dalwsing/anaconda3/envs/renv/lib/R/library","1.1-33",NA,"R (>= 3.5.0), Matrix (>= 1.2-1), methods, stats","graphics, grid, splines, utils, parallel, MASS, lattice, boot,
nlme (>= 3.1-123), minqa (>= 1.1.15), nloptr (>= 1.0.4)","Rcpp (>= 0.10.5), RcppEigen","knitr, rmarkdown, MEMSS, testthat (>= 0.8.1), ggplot2,
mlmRev, optimx (>= 2013.8.6), gamm4, pbkrtest, HSAUR3,
numDeriv, car, dfoptim, mgcv, statmod, rr2, semEff, tibble,
merDeriv",NA,"GPL (>= 2)",NA,NA,NA,NA,"yes","4.3.0"
"locfit","locfit","/home/dalwsing/anaconda3/envs/renv/lib/R/library","1.5-9.8",NA,"R (>= 4.1.0)","lattice",NA,"interp, gam",NA,"GPL (>= 2)",NA,NA,NA,NA,"yes","4.3.0"
"lubridate","lubridate","/home/dalwsing/anaconda3/envs/renv/lib/R/library","1.9.3",NA,"methods, R (>= 3.2)","generics, timechange (>= 0.1.1)",NA,"covr, knitr, rmarkdown, testthat (>= 2.1.0), vctrs (>= 0.5.0)","chron, data.table, timeDate, tis, zoo","GPL (>= 2)",NA,NA,NA,NA,"yes","4.3.0"
"magrittr","magrittr","/home/dalwsing/anaconda3/envs/renv/lib/R/library","2.0.3",NA,"R (>= 3.4.0)",NA,NA,"covr, knitr, rlang, rmarkdown, testthat",NA,"MIT + file LICENSE",NA,NA,NA,NA,"yes","4.3.0"
"MASS","MASS","/home/dalwsing/anaconda3/envs/renv/lib/R/library","7.3-60","recommended","R (>= 4.0), grDevices, graphics, stats, utils","methods",NA,"lattice, nlme, nnet, survival",NA,"GPL-2 | GPL-3",NA,NA,NA,NA,"yes","4.3.0"
"Matrix","Matrix","/home/dalwsing/anaconda3/envs/renv/lib/R/library","1.5-4.1","recommended","R (>= 3.5.0), methods","graphics, grid, lattice, stats, utils",NA,"MASS, expm","MatrixModels, SparseM, graph, igraph, maptools, sfsmisc, sp,
spdep","GPL (>= 2) | file LICENCE",NA,NA,NA,NA,"yes","4.3.0"
"MatrixGenerics","MatrixGenerics","/home/dalwsing/anaconda3/envs/renv/lib/R/library","1.12.3",NA,"matrixStats (>= 1.0.0)","methods",NA,"Matrix, sparseMatrixStats, SparseArray, DelayedArray,
DelayedMatrixStats, SummarizedExperiment, testthat (>= 2.1.0)",NA,"Artistic-2.0",NA,NA,NA,NA,"no","4.3.0"
"MatrixModels","MatrixModels","/home/dalwsing/anaconda3/envs/renv/lib/R/library","0.5-1",NA,"R (>= 3.6.0)","stats, methods, Matrix (>= 1.4-2)",NA,NA,NA,"GPL (>= 2)",NA,NA,NA,NA,"no","4.3.0"
"matrixStats","matrixStats","/home/dalwsing/anaconda3/envs/renv/lib/R/library","1.0.0",NA,"R (>= 2.12.0)",NA,NA,"base64enc, ggplot2, knitr, markdown, microbenchmark,
R.devices, R.rsp",NA,"Artistic-2.0",NA,NA,NA,NA,"yes","4.3.0"
"memoise","memoise","/home/dalwsing/anaconda3/envs/renv/lib/R/library","2.0.1",NA,NA,"rlang (>= 0.4.10), cachem",NA,"digest, aws.s3, covr, googleAuthR, googleCloudStorageR, httr,
testthat",NA,"MIT + file LICENSE",NA,NA,NA,NA,"no","4.3.0"
"metapod","metapod","/home/dalwsing/anaconda3/envs/renv/lib/R/library","1.8.0",NA,NA,"Rcpp","Rcpp","testthat, knitr, BiocStyle, rmarkdown",NA,"GPL-3",NA,NA,NA,NA,"yes","4.3.0"
"methods","methods","/home/dalwsing/anaconda3/envs/renv/lib/R/library","4.3.0","base",NA,"utils, stats",NA,"codetools",NA,"Part of R 4.3.0",NA,NA,NA,NA,"yes","4.3.0"
"mgcv","mgcv","/home/dalwsing/anaconda3/envs/renv/lib/R/library","1.8-42","recommended","R (>= 3.6.0), nlme (>= 3.1-64)","methods, stats, graphics, Matrix, splines, utils",NA,"parallel, survival, MASS",NA,"GPL (>= 2)",NA,NA,NA,NA,"yes","4.3.0"
"mime","mime","/home/dalwsing/anaconda3/envs/renv/lib/R/library","0.12",NA,NA,"tools",NA,NA,NA,"GPL",NA,NA,NA,NA,"yes","4.3.0"
"minqa","minqa","/home/dalwsing/anaconda3/envs/renv/lib/R/library","1.2.5",NA,NA,"Rcpp (>= 0.9.10)","Rcpp",NA,NA,"GPL-2",NA,NA,NA,NA,"yes","4.3.0"
"mixsqp","mixsqp","/home/dalwsing/anaconda3/envs/renv/lib/R/library","0.3-48",NA,"R (>= 3.3.0)","utils, stats, irlba, Rcpp (>= 0.12.15)","Rcpp, RcppArmadillo","REBayes, Rmosek, testthat, knitr, rmarkdown",NA,"MIT + file LICENSE",NA,NA,NA,NA,"yes","4.3.0"
"mnormt","mnormt","/home/dalwsing/anaconda3/envs/renv/lib/R/library","2.1.1",NA,"R (>= 2.2.0)",NA,NA,NA,NA,"GPL-2 | GPL-3",NA,NA,NA,NA,"yes","4.3.0"
"modelr","modelr","/home/dalwsing/anaconda3/envs/renv/lib/R/library","0.1.11",NA,"R (>= 3.2)","broom, magrittr, purrr (>= 0.2.2), rlang (>= 1.0.6), tibble,
tidyr (>= 0.8.0), tidyselect, vctrs",NA,"compiler, covr, ggplot2, testthat (>= 3.0.0)",NA,"GPL-3",NA,NA,NA,NA,"no","4.3.0"
"multcompView","multcompView","/home/dalwsing/anaconda3/envs/renv/lib/R/library","0.1-9",NA,NA,"grid",NA,"multcomp, pgirmess, MASS",NA,"GPL",NA,NA,NA,NA,"no","4.3.0"
"multtest","multtest","/home/dalwsing/anaconda3/envs/renv/lib/R/library","2.56.0",NA,"R (>= 2.10), methods, BiocGenerics, Biobase","survival, MASS, stats4",NA,"snow",NA,"LGPL",NA,NA,NA,NA,"yes","4.3.0"
"munsell","munsell","/home/dalwsing/anaconda3/envs/renv/lib/R/library","0.5.0",NA,NA,"colorspace, methods",NA,"ggplot2, testthat",NA,"MIT + file LICENSE",NA,NA,NA,NA,"no","4.3.0"
"mvtnorm","mvtnorm","/home/dalwsing/anaconda3/envs/renv/lib/R/library","1.2-2",NA,"R(>= 3.5.0)","stats",NA,"qrng, numDeriv",NA,"GPL-2",NA,NA,NA,NA,"yes","4.3.0"
"NADA","NADA","/home/dalwsing/anaconda3/envs/renv/lib/R/library","1.6-1.1",NA,"R (>= 2.10), methods, survival",NA,NA,NA,NA,"GPL (>= 2)",NA,NA,NA,NA,"no","4.3.0"
"nlme","nlme","/home/dalwsing/anaconda3/envs/renv/lib/R/library","3.1-162","recommended","R (>= 3.5.0)","graphics, stats, utils, lattice",NA,"Hmisc, MASS, SASmixed",NA,"GPL (>= 2)",NA,NA,NA,NA,"yes","4.3.0"
"nloptr","nloptr","/home/dalwsing/anaconda3/envs/renv/lib/R/library","2.0.3",NA,NA,NA,"testthat","knitr, rmarkdown, xml2, testthat (>= 3.0.0), covr",NA,"LGPL (>= 3)",NA,NA,NA,NA,"yes","4.3.0"
"nnet","nnet","/home/dalwsing/anaconda3/envs/renv/lib/R/library","7.3-19","recommended","R (>= 3.0.0), stats, utils",NA,NA,"MASS",NA,"GPL-2 | GPL-3",NA,NA,NA,NA,"yes","4.3.0"
"numDeriv","numDeriv","/home/dalwsing/anaconda3/envs/renv/lib/R/library","2016.8-1.1",NA,"R (>= 2.11.1)",NA,NA,NA,NA,"GPL-2",NA,NA,NA,NA,"no","4.3.0"
"openssl","openssl","/home/dalwsing/anaconda3/envs/renv/lib/R/library","2.1.0",NA,NA,"askpass",NA,"curl, testthat (>= 2.1.0), digest, knitr, rmarkdown,
jsonlite, jose, sodium",NA,"MIT + file LICENSE",NA,NA,NA,NA,"yes","4.3.0"
"optparse","optparse","/home/dalwsing/anaconda3/envs/renv/lib/R/library","1.0.2",NA,"R (>= 2.9.0)","methods, getopt (>= 1.19)",NA,"testthat, stringr",NA,"GPL (>= 2)",NA,NA,NA,NA,NA,"4.3.0"
"parallel","parallel","/home/dalwsing/anaconda3/envs/renv/lib/R/library","4.3.0","base",NA,"tools, compiler",NA,"methods","snow, Rmpi","Part of R 4.3.0",NA,NA,NA,NA,"yes","4.3.0"
"pbivnorm","pbivnorm","/home/dalwsing/anaconda3/envs/renv/lib/R/library","0.6.0",NA,NA,NA,NA,NA,NA,"GPL (>= 2)",NA,NA,NA,NA,"yes","4.3.0"
"pbkrtest","pbkrtest","/home/dalwsing/anaconda3/envs/renv/lib/R/library","0.5.2",NA,"R (>= 4.1.0), lme4 (>= 1.1.31)","broom, dplyr, MASS, Matrix (>= 1.2.3), methods, numDeriv,
parallel",NA,"knitr",NA,"GPL (>= 2)",NA,NA,NA,NA,"no","4.3.0"
"permute","permute","/home/dalwsing/anaconda3/envs/renv/lib/R/library","0.9-7",NA,"R (>= 2.14.0)","stats",NA,"vegan (>= 2.0-0), testthat (>= 0.5), parallel, knitr,
rmarkdown, bookdown, sessioninfo",NA,"GPL-2",NA,NA,NA,NA,"no","4.3.0"
"pheatmap","pheatmap","/home/dalwsing/anaconda3/envs/renv/lib/R/library","1.0.12",NA,"R (>= 2.0)","grid, RColorBrewer, scales, gtable, stats, grDevices, graphics",NA,NA,NA,"GPL-2",NA,NA,NA,NA,"no","4.3.0"
"pillar","pillar","/home/dalwsing/anaconda3/envs/renv/lib/R/library","1.9.0",NA,NA,"cli (>= 2.3.0), fansi, glue, lifecycle, rlang (>= 1.0.2), utf8
(>= 1.1.0), utils, vctrs (>= 0.5.0)",NA,"bit64, DBI, debugme, DiagrammeR, dplyr, formattable, ggplot2,
knitr, lubridate, nanotime, nycflights13, palmerpenguins,
rmarkdown, scales, stringi, survival, testthat (>= 3.1.1),
tibble, units (>= 0.7.2), vdiffr, withr",NA,"MIT + file LICENSE",NA,NA,NA,NA,"no","4.3.0"
"pkgconfig","pkgconfig","/home/dalwsing/anaconda3/envs/renv/lib/R/library","2.0.3",NA,NA,"utils",NA,"covr, testthat, disposables (>= 1.0.3)",NA,"MIT + file LICENSE",NA,NA,NA,NA,"no","4.3.0"
"pkgload","pkgload","/home/dalwsing/anaconda3/envs/renv/lib/R/library","1.3.2",NA,"R (>= 3.4.0)","cli (>= 3.3.0), crayon, desc, fs, glue, methods, rlang (>=
1.0.3), rprojroot, utils, withr (>= 2.4.3)",NA,"bitops, covr, mathjaxr, mockr, pak, pkgbuild, Rcpp, remotes,
rstudioapi, testthat (>= 3.1.0)",NA,"GPL-3",NA,NA,NA,NA,"no","4.3.0"
"plogr","plogr","/home/dalwsing/anaconda3/envs/renv/lib/R/library","0.2.0",NA,NA,NA,NA,"Rcpp",NA,"MIT + file LICENSE",NA,NA,NA,NA,"no","4.3.0"
"plyr","plyr","/home/dalwsing/anaconda3/envs/renv/lib/R/library","1.8.8",NA,"R (>= 3.1.0)","Rcpp (>= 0.11.0)","Rcpp","abind, covr, doParallel, foreach, iterators, itertools,
tcltk, testthat",NA,"MIT + file LICENSE",NA,NA,NA,NA,"yes","4.3.0"
"png","png","/home/dalwsing/anaconda3/envs/renv/lib/R/library","0.1-8",NA,"R (>= 2.9.0)",NA,NA,NA,NA,"GPL-2 | GPL-3",NA,NA,NA,NA,"yes","4.3.0"
"polynom","polynom","/home/dalwsing/anaconda3/envs/renv/lib/R/library","1.4-1",NA,NA,"stats, graphics",NA,"knitr, rmarkdown",NA,"GPL-2",NA,NA,NA,NA,"no","4.3.0"
"praise","praise","/home/dalwsing/anaconda3/envs/renv/lib/R/library","1.0.0",NA,NA,NA,NA,"testthat",NA,"MIT + file LICENSE",NA,NA,NA,NA,"no","4.3.0"
"prettyunits","prettyunits","/home/dalwsing/anaconda3/envs/renv/lib/R/library","1.1.1",NA,NA,NA,NA,"codetools, covr, testthat",NA,"MIT + file LICENSE",NA,NA,NA,NA,"no","4.3.0"
"processx","processx","/home/dalwsing/anaconda3/envs/renv/lib/R/library","3.8.2",NA,"R (>= 3.4.0)","ps (>= 1.2.0), R6, utils",NA,"callr (>= 3.7.3), cli (>= 3.3.0), codetools, covr, curl,
debugme, parallel, rlang (>= 1.0.2), testthat (>= 3.0.0),
webfakes, withr",NA,"MIT + file LICENSE",NA,NA,NA,NA,"yes","4.3.0"
"progress","progress","/home/dalwsing/anaconda3/envs/renv/lib/R/library","1.2.2",NA,NA,"hms, prettyunits, R6, crayon",NA,"Rcpp, testthat, withr",NA,"MIT + file LICENSE",NA,NA,NA,NA,"no","4.3.0"
"promises","promises","/home/dalwsing/anaconda3/envs/renv/lib/R/library","1.2.1",NA,NA,"fastmap (>= 1.1.0), later, magrittr (>= 1.5), R6, Rcpp, rlang,
stats","later, Rcpp","future (>= 1.21.0), knitr, purrr, rmarkdown, spelling,
testthat, vembedr",NA,"MIT + file LICENSE",NA,NA,NA,NA,"yes","4.3.0"
"ProtGenerics","ProtGenerics","/home/dalwsing/anaconda3/envs/renv/lib/R/library","1.32.0",NA,"methods",NA,NA,"testthat",NA,"Artistic-2.0",NA,NA,NA,NA,"no","4.3.0"
"ps","ps","/home/dalwsing/anaconda3/envs/renv/lib/R/library","1.7.5",NA,"R (>= 3.4)","utils",NA,"callr, covr, curl, pillar, pingr, processx (>= 3.1.0), R6,
rlang, testthat (>= 3.0.0), webfakes",NA,"MIT + file LICENSE",NA,NA,NA,NA,"yes","4.3.0"
"psych","psych","/home/dalwsing/anaconda3/envs/renv/lib/R/library","2.3.6",NA,NA,"mnormt,parallel,stats,graphics,grDevices,methods,lattice,nlme",NA,"psychTools, GPArotation, lavaan, lme4, Rcsdp, graph, knitr,
Rgraphviz",NA,"GPL (>= 2)",NA,NA,NA,NA,"no","4.3.0"
"psychTools","psychTools","/home/dalwsing/anaconda3/envs/renv/lib/R/library","2.3.6",NA,"R(>= 2.10)","foreign,psych",NA,"parallel, GPArotation, lavaan,knitr",NA,"GPL (>= 2)",NA,NA,NA,NA,"no","4.3.0"
"purrr","purrr","/home/dalwsing/anaconda3/envs/renv/lib/R/library","1.0.1",NA,"R (>= 3.4.0)","cli (>= 3.4.0), lifecycle (>= 1.0.3), magrittr (>= 1.5.0),
rlang (>= 0.4.10), vctrs (>= 0.5.0)","cli","covr, dplyr (>= 0.7.8), httr, knitr, lubridate, rmarkdown,
testthat (>= 3.0.0), tibble, tidyselect",NA,"MIT + file LICENSE",NA,NA,NA,NA,"yes","4.3.0"
"quadprog","quadprog","/home/dalwsing/anaconda3/envs/renv/lib/R/library","1.5-8",NA,"R (>= 3.1.0)",NA,NA,NA,NA,"GPL (>= 2)",NA,NA,NA,NA,"yes","4.3.0"
"quantreg","quantreg","/home/dalwsing/anaconda3/envs/renv/lib/R/library","5.95",NA,"R (>= 3.5), stats, SparseM","methods, graphics, Matrix, MatrixModels, survival, MASS",NA,"interp, rgl, logspline, nor1mix, Formula, zoo, R.rsp, conquer",NA,"GPL (>= 2)",NA,NA,NA,NA,"yes","4.3.0"
"R6","R6","/home/dalwsing/anaconda3/envs/renv/lib/R/library","2.5.1",NA,"R (>= 3.0)",NA,NA,"testthat, pryr",NA,"MIT + file LICENSE",NA,NA,NA,NA,"no","4.3.0"
"rafalib","rafalib","/home/dalwsing/anaconda3/envs/renv/lib/R/library","1.0.0",NA,NA,"RColorBrewer",NA,NA,NA,"Artistic-2.0",NA,NA,NA,NA,"no","4.3.0"
"rappdirs","rappdirs","/home/dalwsing/anaconda3/envs/renv/lib/R/library","0.3.3",NA,"R (>= 3.2)",NA,NA,"roxygen2, testthat (>= 3.0.0), covr, withr",NA,"MIT + file LICENSE",NA,NA,NA,NA,"yes","4.3.0"
"RBGL","RBGL","/home/dalwsing/anaconda3/envs/renv/lib/R/library","1.76.0",NA,"graph, methods","methods","BH","Rgraphviz, XML, RUnit, BiocGenerics, BiocStyle, knitr",NA,"Artistic-2.0",NA,NA,NA,NA,"yes","4.3.0"
"RColorBrewer","RColorBrewer","/home/dalwsing/anaconda3/envs/renv/lib/R/library","1.1-3",NA,"R (>= 2.0.0)",NA,NA,NA,NA,"Apache License 2.0",NA,NA,NA,NA,"no","4.3.0"
"Rcpp","Rcpp","/home/dalwsing/anaconda3/envs/renv/lib/R/library","1.0.10",NA,NA,"methods, utils",NA,"tinytest, inline, rbenchmark, pkgKitten (>= 0.1.2)",NA,"GPL (>= 2)",NA,NA,NA,NA,"yes","4.3.0"
"RcppArmadillo","RcppArmadillo","/home/dalwsing/anaconda3/envs/renv/lib/R/library","0.12.4.1.0",NA,"R (>= 3.3.0)","Rcpp (>= 0.11.0), stats, utils, methods","Rcpp","tinytest, Matrix (>= 1.3.0), pkgKitten, reticulate, slam",NA,"GPL (>= 2)",NA,NA,NA,NA,"yes","4.3.0"
"RcppEigen","RcppEigen","/home/dalwsing/anaconda3/envs/renv/lib/R/library","0.3.3.9.3",NA,"R (>= 3.6.0)","Matrix (>= 1.1-0), Rcpp (>= 0.11.0), stats, utils","Rcpp","inline, tinytest, pkgKitten, microbenchmark",NA,"GPL (>= 2) | file LICENSE",NA,NA,NA,NA,"yes","4.3.0"
"RcppGSL","RcppGSL","/home/dalwsing/anaconda3/envs/renv/lib/R/library","0.3.13",NA,NA,"Rcpp (>= 0.11.0), stats","Rcpp","tinytest",NA,"GPL (>= 2)",NA,NA,NA,NA,"yes","4.3.0"
"RcppNumerical","RcppNumerical","/home/dalwsing/anaconda3/envs/renv/lib/R/library","0.5-0",NA,NA,"Rcpp","Rcpp, RcppEigen","knitr, rmarkdown, prettydoc, mvtnorm, RcppEigen",NA,"GPL (>= 2)",NA,NA,NA,NA,"yes","4.3.0"
"RcppZiggurat","RcppZiggurat","/home/dalwsing/anaconda3/envs/renv/lib/R/library","0.1.6",NA,"R (>= 3.0.0)","Rcpp, parallel, graphics, stats, utils","Rcpp, RcppGSL","rbenchmark, microbenchmark, lattice, knitr, rmarkdown, pinp",NA,"GPL (>= 2)",NA,NA,NA,NA,"yes","4.3.0"
"Rcsdp","Rcsdp","/home/dalwsing/anaconda3/envs/renv/lib/R/library","0.1.57.5",NA,NA,"methods",NA,NA,"Matrix","CPL-1.0",NA,NA,NA,NA,"yes","4.3.0"
"RCurl","RCurl","/home/dalwsing/anaconda3/envs/renv/lib/R/library","1.98-1.12",NA,"R (>= 3.4.0), methods","bitops",NA,"XML",NA,"BSD_3_clause + file LICENSE",NA,NA,NA,NA,"yes","4.3.0"
"readr","readr","/home/dalwsing/anaconda3/envs/renv/lib/R/library","2.1.4",NA,"R (>= 3.5)","cli (>= 3.2.0), clipr, crayon, hms (>= 0.4.1), lifecycle (>=
0.2.0), methods, R6, rlang, tibble, utils, vroom (>= 1.6.0)","cpp11, tzdb (>= 0.1.1)","covr, curl, datasets, knitr, rmarkdown, spelling, stringi,
testthat (>= 3.1.2), tzdb (>= 0.1.1), waldo, withr, xml2",NA,"MIT + file LICENSE",NA,NA,NA,NA,"yes","4.3.0"
"readxl","readxl","/home/dalwsing/anaconda3/envs/renv/lib/R/library","1.4.3",NA,"R (>= 3.6)","cellranger, tibble (>= 2.0.1), utils","cpp11 (>= 0.4.0), progress","covr, knitr, rmarkdown, testthat (>= 3.1.6), withr",NA,"MIT + file LICENSE",NA,NA,NA,NA,"yes","4.3.0"
"regioneR","regioneR","/home/dalwsing/anaconda3/envs/renv/lib/R/library","1.32.0",NA,"GenomicRanges","memoise, GenomicRanges, IRanges, BSgenome, Biostrings,
rtracklayer, parallel, graphics, stats, utils, methods,
GenomeInfoDb, S4Vectors, tools",NA,"BiocStyle, knitr, rmarkdown,
BSgenome.Hsapiens.UCSC.hg19.masked, testthat",NA,"Artistic-2.0",NA,NA,NA,NA,"no","4.3.0"
"rematch","rematch","/home/dalwsing/anaconda3/envs/renv/lib/R/library","2.0.0",NA,NA,NA,NA,"covr, testthat",NA,"MIT + file LICENSE",NA,NA,NA,NA,"no","4.3.0"
"rematch2","rematch2","/home/dalwsing/anaconda3/envs/renv/lib/R/library","2.1.2",NA,NA,"tibble",NA,"covr, testthat",NA,"MIT + file LICENSE",NA,NA,NA,NA,"no","4.3.0"
"reprex","reprex","/home/dalwsing/anaconda3/envs/renv/lib/R/library","2.0.2",NA,"R (>= 3.4)","callr (>= 3.6.0), cli (>= 3.2.0), clipr (>= 0.4.0), fs, glue,
knitr (>= 1.23), lifecycle, rlang (>= 1.0.0), rmarkdown,
rstudioapi, utils, withr (>= 2.3.0)",NA,"covr, fortunes, miniUI, mockr, rprojroot, sessioninfo, shiny,
spelling, styler (>= 1.2.0), testthat (>= 3.0.2)",NA,"MIT + file LICENSE",NA,NA,NA,NA,"no","4.3.0"
"reshape2","reshape2","/home/dalwsing/anaconda3/envs/renv/lib/R/library","1.4.4",NA,"R (>= 3.1)","plyr (>= 1.8.1), Rcpp, stringr","Rcpp","covr, lattice, testthat (>= 0.8.0)",NA,"MIT + file LICENSE",NA,NA,NA,NA,"yes","4.3.0"
"restfulr","restfulr","/home/dalwsing/anaconda3/envs/renv/lib/R/library","0.0.15",NA,"R (>= 3.4.0), methods","XML, RCurl, rjson, S4Vectors (>= 0.13.15), yaml",NA,"getPass, rsolr, RUnit",NA,"Artistic-2.0",NA,NA,NA,NA,"yes","4.3.0"
"Rfast","Rfast","/home/dalwsing/anaconda3/envs/renv/lib/R/library","2.0.8",NA,"R (>= 3.5.0), Rcpp (>= 0.12.3), RcppZiggurat",NA,"Rcpp (>= 0.12.3), RcppArmadillo",NA,NA,"GPL (>= 2.0)",NA,NA,NA,NA,"yes","4.3.0"
"rhdf5","rhdf5","/home/dalwsing/anaconda3/envs/renv/lib/R/library","2.44.0",NA,"R (>= 4.0.0), methods","Rhdf5lib (>= 1.13.4), rhdf5filters","Rhdf5lib","bit64, BiocStyle, knitr, rmarkdown, testthat, bench, dplyr,
ggplot2, mockery, BiocParallel",NA,"Artistic-2.0",NA,NA,NA,NA,"yes","4.3.0"
"rhdf5filters","rhdf5filters","/home/dalwsing/anaconda3/envs/renv/lib/R/library","1.12.1",NA,NA,NA,"Rhdf5lib","BiocStyle, knitr, rmarkdown, tinytest, rhdf5 (>= 2.34.0)",NA,"BSD_2_clause + file LICENSE",NA,NA,NA,NA,"yes","4.3.0"
"Rhdf5lib","Rhdf5lib","/home/dalwsing/anaconda3/envs/renv/lib/R/library","1.22.0",NA,"R (>= 4.2.0)",NA,NA,"BiocStyle, knitr, rmarkdown, tinytest, mockery",NA,"Artistic-2.0",NA,NA,NA,NA,"yes","4.3.0"
"Rhtslib","Rhtslib","/home/dalwsing/anaconda3/envs/renv/lib/R/library","2.2.0",NA,NA,"zlibbioc","zlibbioc","knitr, rmarkdown, BiocStyle",NA,"LGPL (>= 2)",NA,NA,NA,NA,"yes","4.3.0"
"rjson","rjson","/home/dalwsing/anaconda3/envs/renv/lib/R/library","0.2.21",NA,"R (>= 4.0.0)",NA,NA,NA,NA,"GPL-2",NA,NA,NA,NA,"yes","4.3.0"
"rlang","rlang","/home/dalwsing/anaconda3/envs/renv/lib/R/library","1.1.1",NA,"R (>= 3.5.0)","utils",NA,"cli (>= 3.1.0), covr, crayon, fs, glue, knitr, magrittr,
methods, pillar, rmarkdown, stats, testthat (>= 3.0.0), tibble,
usethis, vctrs (>= 0.2.3), withr","winch","MIT + file LICENSE",NA,NA,NA,NA,"yes","4.3.0"
"rmarkdown","rmarkdown","/home/dalwsing/anaconda3/envs/renv/lib/R/library","2.24",NA,"R (>= 3.0)","bslib (>= 0.2.5.1), evaluate (>= 0.13), fontawesome (>=
0.5.0), htmltools (>= 0.5.1), jquerylib, jsonlite, knitr (>=
1.22), methods, stringr (>= 1.2.0), tinytex (>= 0.31), tools,
utils, xfun (>= 0.36), yaml (>= 2.1.19)",NA,"digest, dygraphs, fs, rsconnect, downlit (>= 0.4.0), katex
(>= 1.4.0), sass (>= 0.4.0), shiny (>= 1.6.0), testthat (>=
3.0.3), tibble, vctrs, cleanrmd, withr (>= 2.4.2)",NA,"GPL-3",NA,NA,NA,NA,"no","4.3.0"
"robustbase","robustbase","/home/dalwsing/anaconda3/envs/renv/lib/R/library","0.99-0",NA,"R (>= 3.5.0)","stats, graphics, utils, methods, DEoptimR",NA,"grid, MASS, lattice, boot, cluster, Matrix, robust,
fit.models, MPV, xtable, ggplot2, GGally, RColorBrewer,
reshape2, sfsmisc, catdata, doParallel, foreach, skewt","robustX, rrcov, matrixStats, quantreg, Hmisc","GPL (>= 2)",NA,NA,NA,NA,"yes","4.3.0"
"rprojroot","rprojroot","/home/dalwsing/anaconda3/envs/renv/lib/R/library","2.0.3",NA,"R (>= 3.0.0)",NA,NA,"covr, knitr, lifecycle, mockr, rmarkdown, testthat (>=
3.0.0), withr",NA,"MIT + file LICENSE",NA,NA,NA,NA,"no","4.3.0"
"RProtoBufLib","RProtoBufLib","/home/dalwsing/anaconda3/envs/renv/lib/R/library","2.12.0",NA,NA,NA,NA,"knitr, rmarkdown",NA,"BSD_3_clause",NA,NA,NA,NA,"yes","4.3.0"
"Rsamtools","Rsamtools","/home/dalwsing/anaconda3/envs/renv/lib/R/library","2.16.0",NA,"methods, GenomeInfoDb (>= 1.1.3), GenomicRanges (>= 1.31.8),
Biostrings (>= 2.47.6), R (>= 3.5.0)","utils, BiocGenerics (>= 0.25.1), S4Vectors (>= 0.17.25),
IRanges (>= 2.13.12), XVector (>= 0.19.7), zlibbioc, bitops,
BiocParallel, stats","Rhtslib (>= 1.99.3), S4Vectors, IRanges, XVector, Biostrings","GenomicAlignments, ShortRead (>= 1.19.10), GenomicFeatures,
TxDb.Dmelanogaster.UCSC.dm3.ensGene,
TxDb.Hsapiens.UCSC.hg18.knownGene, RNAseqData.HNRNPC.bam.chr14,
BSgenome.Hsapiens.UCSC.hg19, RUnit, BiocStyle, knitr",NA,"Artistic-2.0 | file LICENSE",NA,NA,NA,NA,"yes","4.3.0"
"RSQLite","RSQLite","/home/dalwsing/anaconda3/envs/renv/lib/R/library","2.3.1",NA,"R (>= 3.1.0)","bit64, blob (>= 1.2.0), DBI (>= 1.1.0), memoise, methods,
pkgconfig","plogr (>= 0.2.0), cpp11 (>= 0.4.0)","callr, DBItest (>= 1.7.2.9001), gert, gh, hms, knitr,
magrittr, rmarkdown, rvest, testthat (>= 3.0.0), withr, xml2",NA,"LGPL (>= 2.1)",NA,NA,NA,NA,"yes","4.3.0"
"rstatix","rstatix","/home/dalwsing/anaconda3/envs/renv/lib/R/library","0.7.2",NA,"R (>= 3.3.0)","stats, utils, tidyr (>= 1.0.0), purrr, broom (>= 0.7.4), rlang
(>= 0.3.1), tibble (>= 2.1.3), dplyr (>= 0.7.1), magrittr,
corrplot, tidyselect (>= 1.2.0), car, generics (>= 0.0.2)",NA,"knitr, rmarkdown, ggpubr, graphics, emmeans, coin, boot,
testthat, spelling",NA,"GPL-2",NA,NA,NA,NA,"no","4.3.0"
"rstudioapi","rstudioapi","/home/dalwsing/anaconda3/envs/renv/lib/R/library","0.15.0",NA,NA,NA,NA,"testthat, knitr, rmarkdown, clipr, covr",NA,"MIT + file LICENSE",NA,NA,NA,NA,"no","4.3.0"
"rtracklayer","rtracklayer","/home/dalwsing/anaconda3/envs/renv/lib/R/library","1.60.1",NA,"R (>= 3.5.0), methods, GenomicRanges (>= 1.37.2)","XML (>= 1.98-0), BiocGenerics (>= 0.35.3), S4Vectors (>=
0.23.18), IRanges (>= 2.13.13), XVector (>= 0.19.7),
GenomeInfoDb (>= 1.15.2), Biostrings (>= 2.47.6), zlibbioc,
RCurl (>= 1.4-2), Rsamtools (>= 1.31.2), GenomicAlignments (>=
1.15.6), BiocIO, tools, restfulr (>= 0.0.13)","S4Vectors, IRanges, XVector","BSgenome (>= 1.33.4), humanStemCell, microRNA (>= 1.1.1),
genefilter, limma, org.Hs.eg.db, hgu133plus2.db,
GenomicFeatures, BSgenome.Hsapiens.UCSC.hg19,
TxDb.Hsapiens.UCSC.hg19.knownGene, RUnit",NA,"Artistic-2.0 + file LICENSE",NA,NA,NA,NA,"yes","4.3.0"
"rvest","rvest","/home/dalwsing/anaconda3/envs/renv/lib/R/library","1.0.3",NA,"R (>= 3.2)","glue, cli, httr (>= 0.5), lifecycle (>= 1.0.0), magrittr,
rlang (>= 1.0.0), selectr, tibble, xml2 (>= 1.3), withr",NA,"covr, knitr, readr, repurrrsive, rmarkdown, spelling, stringi
(>= 0.3.1), testthat (>= 3.0.2), webfakes",NA,"MIT + file LICENSE",NA,NA,NA,NA,"no","4.3.0"
"S4Arrays","S4Arrays","/home/dalwsing/anaconda3/envs/renv/lib/R/library","1.0.6",NA,"R (>= 4.3.0), methods, Matrix, abind, BiocGenerics (>=
0.45.2), S4Vectors, IRanges","stats, crayon","S4Vectors","BiocParallel, SparseArray (>= 0.0.4), DelayedArray, testthat,
knitr, rmarkdown, BiocStyle",NA,"Artistic-2.0",NA,NA,NA,NA,"yes","4.3.0"
"S4Vectors","S4Vectors","/home/dalwsing/anaconda3/envs/renv/lib/R/library","0.38.1",NA,"R (>= 4.0.0), methods, utils, stats, stats4, BiocGenerics (>=
0.37.0)",NA,NA,"IRanges, GenomicRanges, SummarizedExperiment, Matrix,
DelayedArray, ShortRead, graph, data.table, RUnit, BiocStyle,
knitr",NA,"Artistic-2.0",NA,NA,NA,NA,"yes","4.3.0"
"sass","sass","/home/dalwsing/anaconda3/envs/renv/lib/R/library","0.4.7",NA,NA,"fs (>= 1.2.4), rlang (>= 0.4.10), htmltools (>= 0.5.1), R6,
rappdirs",NA,"testthat, knitr, rmarkdown, withr, shiny, curl",NA,"MIT + file LICENSE",NA,NA,NA,NA,"yes","4.3.0"
"scales","scales","/home/dalwsing/anaconda3/envs/renv/lib/R/library","1.2.1",NA,"R (>= 3.2)","farver (>= 2.0.3), labeling, lifecycle, munsell (>= 0.5), R6,
RColorBrewer, rlang (>= 1.0.0), viridisLite",NA,"bit64, covr, dichromat, ggplot2, hms (>= 0.5.0), stringi,
testthat (>= 3.0.0), waldo (>= 0.4.0)",NA,"MIT + file LICENSE",NA,NA,NA,NA,"no","4.3.0"
"scatterplot3d","scatterplot3d","/home/dalwsing/anaconda3/envs/renv/lib/R/library","0.3-44",NA,"R (>= 2.7.0)","grDevices, graphics, stats",NA,NA,NA,"GPL-2",NA,NA,NA,NA,"no","4.3.0"
"selectr","selectr","/home/dalwsing/anaconda3/envs/renv/lib/R/library","0.4-2",NA,"R (>= 3.0)","methods, stringr, R6",NA,"testthat, XML, xml2",NA,"BSD_3_clause + file LICENCE",NA,NA,NA,NA,"no","4.3.0"
"ShortRead","ShortRead","/home/dalwsing/anaconda3/envs/renv/lib/R/library","1.58.0",NA,"BiocGenerics (>= 0.23.3), BiocParallel, Biostrings (>=
2.47.6), Rsamtools (>= 1.31.2), GenomicAlignments (>= 1.15.6)","Biobase, S4Vectors (>= 0.17.25), IRanges (>= 2.13.12),
GenomeInfoDb (>= 1.15.2), GenomicRanges (>= 1.31.8), hwriter,
methods, zlibbioc, lattice, latticeExtra,","S4Vectors, IRanges, XVector, Biostrings, Rhtslib, zlibbioc","BiocStyle, RUnit, biomaRt, GenomicFeatures, yeastNagalakshmi",NA,"Artistic-2.0",NA,NA,NA,NA,"yes","4.3.0"
"snow","snow","/home/dalwsing/anaconda3/envs/renv/lib/R/library","0.4-4",NA,"R (>= 2.13.1), utils",NA,NA,"rlecuyer","Rmpi","GPL",NA,NA,NA,NA,"no","4.3.0"
"SparseArray","SparseArray","/home/dalwsing/anaconda3/envs/renv/lib/R/library","1.0.12",NA,"R (>= 4.3.0), methods, Matrix, BiocGenerics (>= 0.43.1),
MatrixGenerics (>= 1.11.1), S4Vectors, S4Arrays (>= 1.0.6)","stats, matrixStats, IRanges, XVector","S4Vectors, IRanges, XVector","DelayedArray, testthat, knitr, rmarkdown, BiocStyle",NA,"Artistic-2.0",NA,NA,NA,NA,"yes","4.3.0"
"SparseM","SparseM","/home/dalwsing/anaconda3/envs/renv/lib/R/library","1.81",NA,"R (>= 2.15), methods","graphics, stats, utils",NA,NA,NA,"GPL (>= 2)",NA,NA,NA,NA,"yes","4.3.0"
"sparseMatrixStats","sparseMatrixStats","/home/dalwsing/anaconda3/envs/renv/lib/R/library","1.12.2",NA,"MatrixGenerics (>= 1.5.3)","Rcpp, Matrix, matrixStats (>= 0.60.0), methods","Rcpp","testthat (>= 2.1.0), knitr, bench, rmarkdown, BiocStyle",NA,"MIT + file LICENSE",NA,NA,NA,NA,"yes","4.3.0"
"splines","splines","/home/dalwsing/anaconda3/envs/renv/lib/R/library","4.3.0","base",NA,"graphics, stats",NA,"Matrix, methods",NA,"Part of R 4.3.0",NA,NA,NA,NA,"yes","4.3.0"
"SQUAREM","SQUAREM","/home/dalwsing/anaconda3/envs/renv/lib/R/library","2021.1",NA,"R (>= 3.0)",NA,NA,"setRNG",NA,"GPL (>= 2)",NA,NA,NA,NA,"no","4.3.0"
"statmod","statmod","/home/dalwsing/anaconda3/envs/renv/lib/R/library","1.5.0",NA,"R (>= 3.0.0)","stats, graphics",NA,"MASS, tweedie",NA,"GPL-2 | GPL-3",NA,NA,NA,NA,"yes","4.3.0"
"stats","stats","/home/dalwsing/anaconda3/envs/renv/lib/R/library","4.3.0","base",NA,"utils, grDevices, graphics",NA,"MASS, Matrix, SuppDists, methods, stats4",NA,"Part of R 4.3.0",NA,NA,NA,NA,"yes","4.3.0"
"stats4","stats4","/home/dalwsing/anaconda3/envs/renv/lib/R/library","4.3.0","base",NA,"graphics, methods, stats",NA,NA,NA,"Part of R 4.3.0",NA,NA,NA,NA,NA,"4.3.0"
"stringi","stringi","/home/dalwsing/anaconda3/envs/renv/lib/R/library","1.7.12",NA,"R (>= 3.1)","tools, utils, stats",NA,NA,NA,"file LICENSE","yes",NA,NA,NA,"yes","4.3.0"
"stringr","stringr","/home/dalwsing/anaconda3/envs/renv/lib/R/library","1.5.1",NA,"R (>= 3.6)","cli, glue (>= 1.6.1), lifecycle (>= 1.0.3), magrittr, rlang
(>= 1.0.0), stringi (>= 1.5.3), vctrs (>= 0.4.0)",NA,"covr, dplyr, gt, htmltools, htmlwidgets, knitr, rmarkdown,
testthat (>= 3.0.0), tibble",NA,"MIT + file LICENSE",NA,NA,NA,NA,"no","4.3.0"
"SummarizedExperiment","SummarizedExperiment","/home/dalwsing/anaconda3/envs/renv/lib/R/library","1.30.2",NA,"R (>= 4.0.0), methods, MatrixGenerics (>= 1.1.3),
GenomicRanges (>= 1.41.5), Biobase","utils, stats, tools, Matrix, BiocGenerics (>= 0.37.0),
S4Vectors (>= 0.33.7), IRanges (>= 2.23.9), GenomeInfoDb (>=
1.13.1), S4Arrays (>= 1.0.1), DelayedArray (>= 0.26.3)",NA,"HDF5Array (>= 1.7.5), annotate, AnnotationDbi, hgu95av2.db,
GenomicFeatures, TxDb.Hsapiens.UCSC.hg19.knownGene, jsonlite,
rhdf5, airway (>= 1.15.1), BiocStyle, knitr, rmarkdown, RUnit,
testthat, digest",NA,"Artistic-2.0",NA,NA,NA,NA,"no","4.3.0"
"survival","survival","/home/dalwsing/anaconda3/envs/renv/lib/R/library","3.5-5","recommended","R (>= 3.5.0)","graphics, Matrix, methods, splines, stats, utils",NA,NA,NA,"LGPL (>= 2)",NA,NA,NA,NA,"yes","4.3.0"
"sys","sys","/home/dalwsing/anaconda3/envs/renv/lib/R/library","3.4.2",NA,NA,NA,NA,"unix (>= 1.4), spelling, testthat",NA,"MIT + file LICENSE",NA,NA,NA,NA,"yes","4.3.0"
"systemfonts","systemfonts","/home/dalwsing/anaconda3/envs/renv/lib/R/library","1.0.5",NA,"R (>= 3.2.0)",NA,"cpp11 (>= 0.2.1)","covr, knitr, rmarkdown, testthat (>= 2.1.0), tools",NA,"MIT + file LICENSE",NA,NA,NA,NA,"yes","4.3.0"
"systemPipeR","systemPipeR","/home/dalwsing/anaconda3/envs/renv/lib/R/library","2.6.3",NA,"Rsamtools (>= 1.31.2), Biostrings, ShortRead (>= 1.37.1),
methods","GenomicRanges, SummarizedExperiment, ggplot2, yaml, stringr,
magrittr, S4Vectors, crayon, BiocGenerics, htmlwidgets",NA,"BiocStyle, knitr, rmarkdown, systemPipeRdata,
GenomicAlignments, grid, dplyr, testthat, rjson, annotate,
AnnotationDbi, kableExtra, GO.db, GenomeInfoDb, DT,
rtracklayer, limma, edgeR, DESeq2, IRanges, batchtools,
GenomicFeatures (>= 1.31.3), VariantAnnotation (>= 1.25.11)",NA,"Artistic-2.0",NA,NA,NA,NA,"no","4.3.0"
"tcltk","tcltk","/home/dalwsing/anaconda3/envs/renv/lib/R/library","4.3.0","base",NA,"utils",NA,NA,NA,"Part of R 4.3.0",NA,NA,NA,NA,"yes","4.3.0"
"tensorA","tensorA","/home/dalwsing/anaconda3/envs/renv/lib/R/library","0.36.2",NA,"R (>= 2.2.0), stats",NA,NA,NA,NA,"GPL (>= 2)",NA,NA,NA,NA,"yes","4.3.0"
"testthat","testthat","/home/dalwsing/anaconda3/envs/renv/lib/R/library","3.1.9",NA,"R (>= 3.1)","brio, callr (>= 3.5.1), cli (>= 3.4.0), desc, digest, ellipsis
(>= 0.2.0), evaluate, jsonlite, lifecycle, magrittr, methods,
pkgload (>= 1.3.0), praise, processx, ps (>= 1.3.4), R6 (>=
2.2.0), rlang (>= 1.1.0), utils, waldo (>= 0.5.0), withr (>=
2.4.3)",NA,"covr, curl (>= 0.9.5), diffviewer (>= 0.1.0), knitr,
rmarkdown, rstudioapi, shiny, usethis, vctrs (>= 0.1.0), xml2",NA,"MIT + file LICENSE",NA,NA,NA,NA,"yes","4.3.0"
"textshaping","textshaping","/home/dalwsing/anaconda3/envs/renv/lib/R/library","0.3.7",NA,"R (>= 3.2.0)","systemfonts (>= 1.0.0)","cpp11 (>= 0.2.1), systemfonts (>= 1.0.0)","covr, knitr, rmarkdown",NA,"MIT + file LICENSE",NA,NA,NA,NA,"yes","4.3.0"
"tibble","tibble","/home/dalwsing/anaconda3/envs/renv/lib/R/library","3.2.1",NA,"R (>= 3.4.0)","fansi (>= 0.4.0), lifecycle (>= 1.0.0), magrittr, methods,
pillar (>= 1.8.1), pkgconfig, rlang (>= 1.0.2), utils, vctrs
(>= 0.4.2)",NA,"bench, bit64, blob, brio, callr, cli, covr, crayon (>=
1.3.4), DiagrammeR, dplyr, evaluate, formattable, ggplot2,
here, hms, htmltools, knitr, lubridate, mockr, nycflights13,
pkgbuild, pkgload, purrr, rmarkdown, stringi, testthat (>=
3.0.2), tidyr, withr",NA,"MIT + file LICENSE",NA,NA,NA,NA,"yes","4.3.0"
"tidyr","tidyr","/home/dalwsing/anaconda3/envs/renv/lib/R/library","1.3.0",NA,"R (>= 3.4.0)","cli (>= 3.4.1), dplyr (>= 1.0.10), glue, lifecycle (>= 1.0.3),
magrittr, purrr (>= 1.0.1), rlang (>= 1.0.4), stringr (>=
1.5.0), tibble (>= 2.1.1), tidyselect (>= 1.2.0), utils, vctrs
(>= 0.5.2)","cpp11 (>= 0.4.0)","covr, data.table, knitr, readr, repurrrsive (>= 1.1.0),
rmarkdown, testthat (>= 3.0.0)",NA,"MIT + file LICENSE",NA,NA,NA,NA,"yes","4.3.0"
"tidyselect","tidyselect","/home/dalwsing/anaconda3/envs/renv/lib/R/library","1.2.0",NA,"R (>= 3.4)","cli (>= 3.3.0), glue (>= 1.3.0), lifecycle (>= 1.0.3), rlang
(>= 1.0.4), vctrs (>= 0.4.1), withr",NA,"covr, crayon, dplyr, knitr, magrittr, rmarkdown, stringr,
testthat (>= 3.1.1), tibble (>= 2.1.3)",NA,"MIT + file LICENSE",NA,NA,NA,NA,"no","4.3.0"
"timechange","timechange","/home/dalwsing/anaconda3/envs/renv/lib/R/library","0.2.0",NA,"R (>= 3.3)",NA,"cpp11 (>= 0.2.7)","testthat (>= 0.7.1.99), knitr",NA,"GPL-3",NA,NA,NA,NA,"yes","4.3.0"
"tinytex","tinytex","/home/dalwsing/anaconda3/envs/renv/lib/R/library","0.46",NA,NA,"xfun (>= 0.29)",NA,"testit, rstudioapi",NA,"MIT + file LICENSE",NA,NA,NA,NA,"no","4.3.0"
"tools","tools","/home/dalwsing/anaconda3/envs/renv/lib/R/library","4.3.0","base",NA,NA,NA,"codetools, methods, xml2, curl, commonmark, knitr, xfun, mathjaxr, V8",NA,"Part of R 4.3.0",NA,NA,NA,NA,"yes","4.3.0"
"truncnorm","truncnorm","/home/dalwsing/anaconda3/envs/renv/lib/R/library","1.0-9",NA,"R (>= 3.4.0)",NA,NA,"testthat",NA,"GPL (>= 2)",NA,NA,NA,NA,"yes","4.3.0"
"tzdb","tzdb","/home/dalwsing/anaconda3/envs/renv/lib/R/library","0.4.0",NA,"R (>= 3.5.0)",NA,"cpp11 (>= 0.4.2)","covr, testthat (>= 3.0.0)",NA,"MIT + file LICENSE",NA,NA,NA,NA,"yes","4.3.0"
"utf8","utf8","/home/dalwsing/anaconda3/envs/renv/lib/R/library","1.2.3",NA,"R (>= 2.10)",NA,NA,"cli, covr, knitr, rlang, rmarkdown, testthat (>= 3.0.0),
withr",NA,"Apache License (== 2.0) | file LICENSE",NA,NA,NA,NA,"yes","4.3.0"
"utils","utils","/home/dalwsing/anaconda3/envs/renv/lib/R/library","4.3.0","base",NA,NA,NA,"methods, xml2, commonmark, knitr",NA,"Part of R 4.3.0",NA,NA,NA,NA,"yes","4.3.0"
"uuid","uuid","/home/dalwsing/anaconda3/envs/renv/lib/R/library","1.1-1",NA,"R (>= 2.9.0)",NA,NA,NA,NA,"MIT + file LICENSE",NA,NA,NA,NA,"yes","4.3.0"
"vctrs","vctrs","/home/dalwsing/anaconda3/envs/renv/lib/R/library","0.6.3",NA,"R (>= 3.5.0)","cli (>= 3.4.0), glue, lifecycle (>= 1.0.3), rlang (>= 1.1.0)",NA,"bit64, covr, crayon, dplyr (>= 0.8.5), generics, knitr,
pillar (>= 1.4.4), pkgdown (>= 2.0.1), rmarkdown, testthat (>=
3.0.0), tibble (>= 3.1.3), waldo (>= 0.2.0), withr, xml2,
zeallot",NA,"MIT + file LICENSE",NA,NA,NA,NA,"yes","4.3.0"
"vegan","vegan","/home/dalwsing/anaconda3/envs/renv/lib/R/library","2.6-4",NA,"permute (>= 0.9-0), lattice, R (>= 3.4.0)","MASS, cluster, mgcv",NA,"parallel, tcltk, knitr, markdown",NA,"GPL-2",NA,NA,NA,NA,"yes","4.3.0"
"VennDiagram","VennDiagram","/home/dalwsing/anaconda3/envs/renv/lib/R/library","1.7.3",NA,"R (>= 3.5.0), grid (>= 2.14.1), futile.logger","methods",NA,"testthat",NA,"GPL-2",NA,NA,NA,NA,"no","4.3.0"
"viridis","viridis","/home/dalwsing/anaconda3/envs/renv/lib/R/library","0.6.4",NA,"R (>= 2.10), viridisLite (>= 0.4.0)","ggplot2 (>= 1.0.1), gridExtra",NA,"hexbin (>= 1.27.0), scales, MASS, knitr, dichromat,
colorspace, httr, mapproj, vdiffr, svglite (>= 1.2.0),
testthat, covr, rmarkdown, maps, terra",NA,"MIT + file LICENSE",NA,NA,NA,NA,"no","4.3.0"
"viridisLite","viridisLite","/home/dalwsing/anaconda3/envs/renv/lib/R/library","0.4.2",NA,"R (>= 2.10)",NA,NA,"hexbin (>= 1.27.0), ggplot2 (>= 1.0.1), testthat, covr",NA,"MIT + file LICENSE",NA,NA,NA,NA,"no","4.3.0"
"vroom","vroom","/home/dalwsing/anaconda3/envs/renv/lib/R/library","1.6.5",NA,"R (>= 3.6)","bit64, cli (>= 3.2.0), crayon, glue, hms, lifecycle (>=
1.0.3), methods, rlang (>= 0.4.2), stats, tibble (>= 2.0.0),
tidyselect, tzdb (>= 0.1.1), vctrs (>= 0.2.0), withr","cpp11 (>= 0.2.0), progress (>= 1.2.1), tzdb (>= 0.1.1)","archive, bench (>= 1.1.0), covr, curl, dplyr, forcats, fs,
ggplot2, knitr, patchwork, prettyunits, purrr, rmarkdown,
rstudioapi, scales, spelling, testthat (>= 2.1.0), tidyr,
utils, waldo, xml2",NA,"MIT + file LICENSE",NA,NA,NA,NA,"yes","4.3.0"
"waldo","waldo","/home/dalwsing/anaconda3/envs/renv/lib/R/library","0.5.1",NA,NA,"cli, diffobj (>= 0.3.4), fansi, glue, methods, rematch2, rlang
(>= 1.0.0), tibble",NA,"covr, R6, testthat (>= 3.0.0), withr, xml2",NA,"MIT + file LICENSE",NA,NA,NA,NA,"no","4.3.0"
"withr","withr","/home/dalwsing/anaconda3/envs/renv/lib/R/library","2.5.0",NA,"R (>= 3.2.0)","graphics, grDevices, stats",NA,"callr, covr, DBI, knitr, lattice, methods, rlang, rmarkdown
(>= 2.12), RSQLite, testthat (>= 3.0.0)",NA,"MIT + file LICENSE",NA,NA,NA,NA,"no","4.3.0"
"xfun","xfun","/home/dalwsing/anaconda3/envs/renv/lib/R/library","0.40",NA,NA,"stats, tools",NA,"testit, parallel, codetools, rstudioapi, tinytex (>= 0.30),
mime, markdown (>= 1.5), knitr (>= 1.42), htmltools, remotes,
pak, rhub, renv, curl, jsonlite, magick, yaml, rmarkdown",NA,"MIT + file LICENSE",NA,NA,NA,NA,"yes","4.3.0"
"XML","XML","/home/dalwsing/anaconda3/envs/renv/lib/R/library","3.99-0.14",NA,"R (>= 4.0.0), methods, utils",NA,NA,"bitops, RCurl",NA,"BSD_3_clause + file LICENSE",NA,NA,NA,NA,"yes","4.3.0"
"xml2","xml2","/home/dalwsing/anaconda3/envs/renv/lib/R/library","1.3.5",NA,"R (>= 3.1.0)","methods",NA,"covr, curl, httr, knitr, magrittr, mockery, rmarkdown,
testthat (>= 2.1.0)",NA,"MIT + file LICENSE",NA,NA,NA,NA,"yes","4.3.0"
"XVector","XVector","/home/dalwsing/anaconda3/envs/renv/lib/R/library","0.40.0",NA,"R (>= 4.0.0), methods, BiocGenerics (>= 0.37.0), S4Vectors (>=
0.27.12), IRanges (>= 2.23.9)","methods, utils, tools, zlibbioc, BiocGenerics, S4Vectors,
IRanges","S4Vectors, IRanges","Biostrings, drosophila2probe, RUnit",NA,"Artistic-2.0",NA,NA,NA,NA,"yes","4.3.0"
"yaml","yaml","/home/dalwsing/anaconda3/envs/renv/lib/R/library","2.3.7",NA,NA,NA,NA,"RUnit",NA,"BSD_3_clause + file LICENSE",NA,NA,NA,NA,"yes","4.3.0"
"zCompositions","zCompositions","/home/dalwsing/anaconda3/envs/renv/lib/R/library","1.4.0-1",NA,"R (>= 2.14.0), methods, MASS, NADA, truncnorm",NA,NA,NA,NA,"GPL (>= 2)",NA,NA,NA,NA,"no","4.3.0"
"zlibbioc","zlibbioc","/home/dalwsing/anaconda3/envs/renv/lib/R/library","1.46.0",NA,NA,NA,NA,"BiocStyle",NA,"Artistic-2.0 + file LICENSE",NA,NA,NA,NA,"yes","4.3.0"
